country_name,year,access_to_clean_fuels_and_technologies_for_cooking_(%_of_population),access_to_electricity_(%_of_population),account_ownership_at_a_financial_institution_or_with_a_mobile-money-service_provider_(%_of_population_ages_15+),adequacy_of_social_insurance_programs_(%_of_total_welfare_of_beneficiary_households),adequacy_of_social_protection_and_labor_programs_(%_of_total_welfare_of_beneficiary_households),adequacy_of_unemployment_benefits_and_almp_(%_of_total_welfare_of_beneficiary_households),adjusted_net_national_income_(annual_%_growth),adolescents_out_of_school_(%_of_lower_secondary_school_age),"average_working_hours_of_children,_study_and_work,_ages_7-14_(hours_per_week)",bank_capital_to_assets_ratio_(%),children_out_of_school_(%_of_primary_school_age),compensation_of_employees_(%_of_expense),"cost_to_export,_border_compliance_(us$)","cost_to_import,_border_compliance_(us$)",coverage_of_social_protection_and_labor_programs_(%_of_population),"educational_attainment,_at_least_completed_upper_secondary,_population_25+,_total_(%)_(cumulative)","employment_to_population_ratio,_15+,_total_(%)_(national_estimate)",expense_(%_of_gdp),gdp_growth_(annual_%),"part_time_employment,_total_(%_of_total_employment)",people_using_at_least_basic_drinking_water_services_(%_of_population),prevalence_of_current_tobacco_use_(%_of_adults),progression_to_secondary_school_(%),"school_enrollment,_primary_(%_gross)",secure_internet_servers,"taxes_on_income,_profits_and_capital_gains_(%_of_total_taxes)",unemployment_with_advanced_education_(%_of_total_labor_force_with_advanced_education),"unemployment,_total_(%_of_total_labor_force)_(national_estimate)","wage_and_salaried_workers,_total_(%_of_total_employment)_(modeled_ilo_estimate)"
Austria,2012,100,100,..,..,..,..,-0.40137443875075,1.34069001674652,..,7.7701136425421,1.92673003673553,12.7518532722352,..,..,..,76.9800033569336,57.67,34.2785902811409,0.680445576816723,42.08,99.9999966635574,..,99.93833,100.335113525391,13601,46.2612345845771,2.393,4.909,85.8352885026422
Austria,2013,100,100,..,..,..,..,-0.239205486506776,1.28648996353149,..,7.98594015412431,1.48000001907349,12.5347709182929,..,..,..,77.3099975585938,57.538,34.4357077980255,0.0255047121972183,42.62,99.999997857895,..,99.97995,100.746078491211,15751,46.7037721665274,3.352,5.367,85.8340389358533
Austria,2014,100,100,96.73,..,..,..,0.877091983395943,1.31108999252319,..,6.84191575882635,1.29588997364044,12.1687583277151,0,0,..,78.4300003051758,57.16,35.2312815816798,0.661272848852605,43.36,100,..,99.93128,100.970321655273,20044,47.5411540413673,4.012,5.674,85.7436251691165
Austria,2015,100,100,..,..,..,..,0.535429018149841,1.3364200592041,..,7.44689127902493,1.34192001819611,12.6899643827079,0,0,..,79.0100021362305,57.115,33.939986446073,1.01450158590511,44.66,99.9999988248374,31.2,99.92498,101.104393005371,26636,48.6221423077056,3.953,5.802,86.1309387024811
Austria,2016,100,100,..,..,..,..,3.76228976536397,1.85311996936798,..,7.334234175495,1.99799001216888,13.0657699985267,0,0,..,79.370002746582,57.427,32.6639074998193,1.98943716230463,44.51,100,..,99.76727,100.428077697754,38878,45.9871330305936,3.614,6.064,86.4683436493052
Austria,2017,100,100,98.16,..,..,..,0.352649305186461,1.363450050354,..,7.54199227528387,1.33122003078461,13.3501202010593,0,0,..,79.6600036621094,57.703,31.9397262094217,2.25857243250671,45.37,100,..,..,101.104568481445,65381,46.6414327325418,3.212,5.561,86.8080288346782
Austria,2018,100,100,..,..,..,..,2.09372738402087,1.20026004314423,..,7.54886985856162,1.25853002071381,13.4906811007633,0,0,..,80.0708312988281,58.298,31.2274879424152,2.42538536088061,44.79,99.9999993151203,27.1,..,101.370300292969,147681,47.651134186111,3.297,4.933,87.1616079776196
Austria,2019,100,100,..,..,..,..,1.50511683613821,1.1625200510025,..,7.6242066761855,1.23357999324799,13.6701900848905,0,0,..,80.6699981689453,58.514,30.7714703961521,1.45052918393192,43.9,99.9999965908061,27.1,..,101.776290893555,233527,47.9740999912304,3.066,4.56,87.1682279688618
Austria,2020,100,100,..,..,..,..,-6.59592462178009,1.13391995429993,..,7.42452431594542,1.17481005191803,12.081270877528,..,..,..,80.9440231323242,57.651,37.1462711156962,-6.63299143662553,47.85,100,26.4,..,101.560852050781,301414,46.721249374959,3.281,5.201,87.0751781530236
Austria,2021,100,100,99.95,..,..,..,3.63227600688209,1.04074001312256,..,7.74457524598176,0.947790026664734,11.8211534621105,..,..,..,81.4542465209961,57.202,36.8971118500177,4.23786673253257,49.28,100,..,..,101.644119262695,356219,48.3700617568264,4.138,6.459,87.1792330729152
Austria,2022,100,100,..,..,..,..,..,1.64181995391846,..,7.91700194289979,1.67592000961304,11.6473338229384,..,..,..,82.0893325805664,58.442,35.0048647454962,4.80643020178459,49.3,99.9999993664088,..,..,100.77562713623,357555,49.6939196143449,3.49,4.992,87.2694438843192
Belgium,2012,100,100,..,..,..,..,3.25711323696092,1.7358900308609,..,5.33174062036665,1.8775600194931,7.4307901185509,..,..,..,63.2099990844727,49.233,31.2791076163198,0.739217283058679,39.94,99.9999988236868,..,..,101.520362854004,10633,58.6396021026058,3.943,7.542,85.6541359652323
Belgium,2013,100,100,..,..,..,..,1.00907472131921,1.72186005115509,..,5.78443559078967,1.80781996250153,7.55418018088033,..,..,..,64.2799987792969,49.047,30.7862197108532,0.459242192907709,40.68,99.9999956364419,..,..,103.191062927246,14067,59.8394824053024,4.921,8.425,84.9206582690521
Belgium,2014,100,100,98.13,..,..,..,1.64296850682923,1.61366999149323,..,5.37820418800116,1.83106994628906,7.93824889045022,0,0,..,64.0199966430664,48.946,30.6551087795063,1.57853314322614,40.03,99.9999985626867,..,..,103.104873657227,18047,60.1777717001128,4.671,8.523,85.3866844695595
Belgium,2015,100,100,..,..,..,..,2.37614399006351,1.63335001468658,..,5.68502314992685,1.85124003887177,8.33578833663005,0,0,..,66.2099990844727,48.788,27.3703904042559,2.04145900919961,40.27,99.9999962819912,25.7,..,102.243827819824,22982,58.3710232638431,4.592,8.482,84.8209347163033
Belgium,2016,100,100,..,..,..,..,1.6411219212963,1.67692005634308,..,5.87334161221032,1.9190399646759,8.1448725795587,0,0,..,67.0800018310547,48.952,27.1999066231745,1.26668640902095,39.07,100,..,..,102.055862426758,34530,54.9947306532938,4.204,7.83,85.1691714244782
Belgium,2017,100,100,98.64,..,..,..,1.25989968491847,0.891960024833679,..,6.34337174411597,1.38223004341125,8.17025461049723,0,0,..,69.1500015258789,50.021,26.5058922579728,1.6195802783878,39.08,99.999998377684,..,..,102.752861022949,94420,56.5473482675823,3.728,7.09,85.5688003136004
Belgium,2018,100,100,..,..,..,..,1.02224257428063,0.897210001945496,..,6.33769140020729,1.33835995197296,8.02880662512754,0,0,..,70.8456954956055,50.965,26.3316138130832,1.79294519302076,38.35,100,23.9,..,102.500366210938,159673,56.8035821118756,3.162,5.941,85.9709154887153
Belgium,2019,100,100,..,..,..,..,2.96454047071167,0.882889986038208,..,6.23056877770938,1.34748995304108,7.92598193322456,0,0,..,71.4499969482422,51.475,26.2484326565641,2.24083533103139,40.61,100,23.9,..,102.148559570312,225822,55.1101761132518,2.83,5.364,85.7663877892205
Belgium,2020,100,100,..,..,..,..,-6.60039630623422,0.963519990444183,..,6.25219150044764,1.22926998138428,7.15072916933644,..,..,..,72.7141799926758,50.83,30.4995579056715,-5.30447336526071,45.69,99.9999962634716,23.4,..,102.064270019531,279411,55.6801366723443,3.25,5.545,85.2837060356612
Belgium,2021,100,100,99.01,..,..,..,5.57496680144214,1.13171005249023,..,6.17390054662305,1.47403001785278,7.19573935480825,..,..,..,74.2476806640625,51.079,28.3535329995678,6.92798360287613,41.67,100,..,..,101.821136474609,328693,55.86511765911,3.309,6.248,85.860493129327
Belgium,2022,100,100,..,..,..,..,..,1.27794003486633,..,5.96857033506728,1.224249958992,7.57400259979346,..,..,..,75.1261901855469,52.026,27.0119991620561,3.01472197492703,41.62,100,..,..,102.176986694336,360344,58.4501846813396,3.025,5.57,84.9427942209729
Bulgaria,2012,..,94.7,..,..,..,..,2.29165510016982,7.88295984268188,..,10.0960726886888,2.50696992874146,23.7846592192648,..,..,..,72.4800033569336,46.566,24.4141233889044,0.748814802957327,10.03,99.3615537163291,..,99.29677,100.363082885742,1839,24.2928846153466,5.251,12.27,88.4144812565769
Bulgaria,2013,..,95.3,..,..,..,..,-1.44187192464365,2.68158006668091,..,10.3515203225993,3.69968008995056,23.8638769115649,..,..,..,73.9400024414062,46.925,26.229664630492,-0.542751313085674,10.19,99.3284841822603,..,99.60124,98.7911834716797,2343,24.5923997203421,6.474,12.941,87.8617850779599
Bulgaria,2014,..,95.9,62.99,..,..,..,2.23761910056719,1.94904005527496,..,11.5668782833913,3.25387001037598,21.3185281933947,51.66667,0,..,73.8099975585938,47.958,30.1002696592211,0.949448520821818,10.64,99.2961131591919,..,99.2541,99.2496109008789,4589,25.9324237152593,5.244,11.424,87.5143266310452
Bulgaria,2015,..,96.6,..,..,..,..,2.17205692096533,1.50571000576019,..,12.0159015689814,2.9882800579071,22.6587470412467,51.66667,0,..,74.9100036621094,49.124,27.7191725044871,3.39755387590648,10.51,99.2644589337805,40.7,98.70297,99.1272201538086,4880,26.1494474494977,3.922,9.143,87.9721015709808
Bulgaria,2016,..,97.3,..,..,..,..,5.25498344399521,1.82647001743317,..,11.6296074357592,3.36121988296509,23.3365434107767,55,0,..,75.5999984741211,49.292,24.7278140776476,3.02662839224124,9.6,99.2335067314028,..,99.33268,98.0771636962891,28821,26.4671697073826,3.571,7.575,88.2684948989984
Bulgaria,2017,..,98.1,72.2,..,..,..,3.9130085016937,3.22664999961853,..,11.3934047974268,3.53475999832153,24.0835652797824,55,0,..,76.4499969482422,51.942,24.6190217701832,2.74592725876734,10.96,99.2032722209598,..,..,97.5942993164062,228612,27.5824557214399,2.802,6.164,88.3220648820635
Bulgaria,2018,..,98.7,..,..,..,..,2.07930995492664,2.47640991210938,..,10.8232721834834,4.03474998474121,24.7693092012712,55,0,..,76.9173965454102,52.44,23.9899911910574,2.69490655338835,11.62,99.1737272552471,39.4,..,96.7923202514648,268524,28.1366776583536,2.253,5.211,88.3531735263643
Bulgaria,2019,..,99.2,..,..,..,..,6.40984001828122,2.87824010848999,..,11.594317854372,4.18113994598389,26.5795960640507,55,0,..,77.1142807006836,54.188,24.0281180937201,4.03518894662498,11.35,99.1448780003009,39.4,..,96.4398803710938,280691,27.5049988981491,2.051,4.23,89.1773723892384
Bulgaria,2020,..,99.7,..,..,..,..,-2.18056014946822,2.71690988540649,..,11.8822023363105,4.21193981170654,24.5816731834596,..,..,..,77.7799987792969,52.7,28.1543798292714,-3.96615613627334,13.5,99.1167359557668,39,..,96.5437622070312,333361,27.8317894486024,2.159,5.125,88.9282814460318
Bulgaria,2021,..,99.8,83.97,..,..,..,8.37370848771953,3.88322997093201,..,11.0928039654857,5.04082012176514,22.8086483752759,..,..,..,78.4247741699219,52.347,30.0708312800017,7.6617480742932,11.34,99.0892984922743,..,..,95.6110992431641,358557,30.1405734985,2.096,5.267,89.0011344623336
Bulgaria,2022,..,100,..,..,..,..,..,5.37277984619141,..,9.91719665033825,5.29597997665405,19.8820237426009,..,..,..,79.3163833618164,54.156,31.1891290010613,3.92643222124569,11.91,99.0625327881186,..,..,95.8885192871094,373809,27.7314721329272,1.589,4.268,88.9128628447139
Croatia,2012,100,100,..,..,..,..,-3.48483231701304,0.940050005912781,..,12.9950835994152,1.04625999927521,21.2856748585272,..,..,..,70.5591278076172,43.183,30.2125159018274,-2.29825501176262,18.87,..,..,..,98.7156372070312,1336,11.6136835386389,10.814,15.935,80.252225174392
Croatia,2013,100,100,..,..,..,..,1.1082912926925,0.657149970531464,..,12.6194787068077,1.2602299451828,19.4206010555344,..,..,..,71.7854919433594,42.071,31.5348429895326,-0.306838201985599,18.44,..,..,..,98.5737533569336,1689,11.8422855739252,11.456,17.251,81.9221535696703
Croatia,2014,100,100,86.03,47.224365234375,41.8274230957031,10.831636428833,-0.426597018007129,0.860339999198914,..,12.7762912131974,1.43523001670837,17.982410914699,0,0,71.0627059936523,72.85595703125,43.308,32.8106224006671,-0.341682629892162,20.97,..,..,..,98.908317565918,2122,10.7121359025311,9.603,17.29,84.3842741202834
Croatia,2015,100,100,..,..,..,..,6.05505322727873,..,..,11.8442527579841,1.44624996185303,18.5296434351,0,0,..,73.8226699829102,44.201,31.2661223560364,2.54912963456138,25.82,..,36.1,99.09972,99.4907684326172,2672,11.875986754356,9.24,16.175,84.3299707114453
Croatia,2016,100,100,..,..,..,..,2.65568977147093,1.10065996646881,..,12.1194721030692,1.7360600233078,19.0920849578694,0,0,..,73.7205963134766,44.592,30.1353031742831,3.6491975253731,24.19,..,..,98.58482,98.7909393310547,7199,13.1026970455536,7.81,13.103,86.0919793811111
Croatia,2017,100,100,86.14,..,..,..,6.25236723708807,1.46074998378754,..,12.4325154180339,1.46489000320435,19.7218510114208,0,0,..,74.7002487182617,45.823,29.1058958077041,3.36480330584141,23.25,..,..,..,99.2321090698242,60251,12.8734733347096,7.112,11.208,87.0123064573227
Croatia,2018,100,100,..,..,..,..,4.08139461616479,..,..,12.3508574282061,1.56895995140076,20.5300985103713,0,0,..,75.858024597168,46.871,28.5335080493782,2.98337691293294,25.5,..,36.7,..,98.8812103271484,79937,10.6055972975826,6.025,8.432,87.9252524455192
Croatia,2019,100,100,..,..,..,..,3.82745528113242,..,..,12.4500074141251,1.95966005325317,20.3906445293289,0,0,..,76.6451187133789,47.721,28.8828138245419,3.44274248042554,26.09,..,36.7,..,99.0015106201172,92507,10.8637531933383,5.253,6.617,87.6514969074898
Croatia,2020,100,100,..,..,..,..,-10.5838314448717,..,..,12.6768914991996,1.84271001815796,19.4023383669593,..,..,..,77.9384307861328,47.196,34.505601715182,-8.52043813391506,29.65,..,36.9,..,99.4886703491211,90474,11.1620162435109,5.36,7.507,87.5833538252354
Croatia,2021,100,100,91.8,..,..,..,10.923454470436,..,..,11.6425477501667,1.78707003593445,19.152294518847,..,..,..,79.1094818115234,47.84,31.6469013100331,13.0411434856638,27.15,..,..,..,99.7441482543945,98834,10.6101954787532,4.904,7.608,86.890421226203
Croatia,2022,100,100,..,..,..,..,..,..,..,9.94098978572859,1.73281002044678,18.8841458427607,..,..,..,79.9907760620117,48.66,29.2118122531982,7.02722588804099,28.25,..,..,..,100.527976989746,115002,15.2430225598404,5.264,6.96,86.5150988209851
Czech Republic,2012,100,100,..,..,..,..,0.985797904736359,..,..,6.84600751136211,0.441210001707077,12.3739037407298,..,..,..,88.5299987792969,54.549,32.3702735593234,-0.785004299003617,24.46,99.8681822613728,..,99.67728,99.3585815429688,8773,32.1378255114478,3.518,6.979,81.5844947733409
Czech Republic,2013,100,100,..,..,..,..,0.682821335853845,0.155389994382858,..,7.17579326112522,0.974690020084381,13.1046159189215,..,..,..,89.1600036621094,55.154,30.5811681971492,-0.0459036735515213,26.68,99.8741097401901,..,99.71331,98.7804794311523,11354,31.6797485210889,4.103,6.953,82.4374950601997
Czech Republic,2014,100,100,82.18,..,..,..,3.18246052570228,0.222979992628098,..,7.26746165220963,1.67104005813599,13.0208732657168,0,0,..,89.629997253418,55.687,30.3129758942382,2.26210289708078,26.2,99.8800124959238,..,99.97633,97.6821594238281,14921,33.9309720146903,2.836,6.108,82.0068526361452
Czech Republic,2015,100,100,..,..,..,..,6.38760566588277,0.278340011835098,..,7.49087863999436,2.11766004562378,13.3227985164534,0,0,..,89.7699966430664,56.425,29.2511012072959,5.38838083815307,28.62,99.8800959139295,31.4,99.95724,96.9615478515625,21607,32.897995749091,2.381,5.048,82.6614334755929
Czech Republic,2016,100,100,..,..,..,..,3.35235061370037,0.396090000867844,..,7.22772902801412,2.50768995285034,13.8440146100582,0,0,..,90.2300033569336,57.551,28.8003038646218,2.5372845203138,25.69,99.8801723996148,..,99.94707,96.9097595214844,126705,34.0069924106762,1.872,3.952,82.8403443113626
Czech Republic,2017,100,100,80.99,..,..,..,6.51424321209963,0.260340005159378,..,6.46241130104379,2.90678000450134,14.8056482691752,0,0,..,90.5800018310547,58.478,27.8284586018119,5.16872430413071,28.19,99.8802604430032,..,..,97.2324905395508,269310,34.8384522502458,1.483,2.893,82.9568158965139
Czech Republic,2018,100,100,..,..,..,..,3.42953845968155,0.731090009212494,..,6.52009005338795,2.07468008995056,15.3454909832764,0,0,..,90.5812530517578,59.203,28.2194131287632,3.22008806955105,28.2,99.8803584517819,30.9,..,98.2727584838867,450120,36.7949165213058,1.185,2.246,83.0558523876719
Czech Republic,2019,100,100,..,..,..,..,2.31659160446864,1.38624000549316,..,6.81838827125203,1.86357998847961,15.3710514994153,0,0,..,90.6699981689453,59.164,28.495391002466,3.02987866345279,28.37,99.8804688935076,30.9,..,99.2833023071289,599619,37.1355951424767,0.996,2.015,83.1990500227179
Czech Republic,2020,100,100,..,..,..,..,-5.46075416037321,1.9559600353241,..,7.34036507017301,1.52471005916595,14.1937854402935,..,..,..,90.9993286132812,58.268,33.6079168616029,-5.50296796125089,33.9,99.8805882608907,30.7,..,99.7845306396484,723194,38.2405580900874,1.418,2.551,83.1138852597025
Czech Republic,2021,100,100,94.94,..,..,..,4.60106974602627,0.000310000003082678,..,6.92334675069107,0.0971300005912781,14.0733962308063,..,..,..,91.4344177246094,58.153,33.0589385627129,3.55302130899085,28.7,99.8807192964404,..,..,101.677841186523,797732,35.109030946332,1.359,2.803,84.0492473981959
Czech Republic,2022,100,100,..,..,..,..,..,0.0175899993628263,..,6.71877993186336,0.0856899991631508,13.6255995884213,..,..,..,91.1693878173828,58.529,31.1605185522007,2.35100353961535,29.97,99.8808566286988,..,..,100.97534942627,913598,36.9857188379389,0.794,2.224,84.0240417077054
Denmark,2012,100,100,..,..,..,..,0.842025527429783,0.923979997634888,..,4.63344949013399,0.414920002222061,10.2238815060234,..,..,..,76,57.453,43.3229036148682,0.226499791802965,42.83,99.9999953621224,..,99.91531,101.51065826416,17135,50.843628216658,4.982,7.798,90.7275287084154
Denmark,2013,100,100,..,..,..,..,3.22463267021975,0.741299986839294,..,4.84806851507082,0.495310008525848,10.7039695983119,..,..,..,76.5500030517578,56.884,41.2099530640939,0.933340972371226,43.23,99.9999969186137,..,99.97115,101.299331665039,19419,51.8802902796761,4.744,7.384,90.8721834985036
Denmark,2014,100,100,100,..,..,..,3.57737535155181,0.872359991073608,..,4.58821837591923,0.616819977760315,10.6294572874908,0,0,..,76.8399963378906,57.016,40.7318423082311,1.61939381103033,42.84,99.9999981075887,..,99.99816,101.176940917969,24548,56.1744690795997,4.778,6.925,91.0296107717483
Denmark,2015,100,100,..,..,..,..,2.62883157537601,0.724629998207092,..,4.99308532173423,0.625270009040833,10.61451492369,0,0,..,77.75,57.467,40.281410076533,2.34259110757047,42.44,100,21.1,99.95,100.882141113281,34129,52.7279175986044,4.617,6.278,91.1332397085606
Denmark,2016,100,100,..,..,..,..,2.36252751184504,0.891579985618591,..,5.1392650088198,0.676769971847534,10.8087139056784,0,0,..,78.1800003051758,57.96,38.2180405750748,3.24595698524396,44.27,99.9999966973667,..,99.94342,101.041496276855,137709,51.8947101436885,4.648,5.989,91.2117629753921
Denmark,2017,100,100,99.92,..,..,..,2.70067755722394,0.712000012397766,..,4.8842860668024,0.561770021915436,10.8340034889332,0,0,..,75.21484375,58.116,36.8574893870773,2.82173634129026,43.51,99.9999999404253,..,..,100.778030395508,252263,52.7042266597128,4.58,5.833,91.5440092083019
Denmark,2018,100,100,..,..,..,..,2.06296106529511,0.669560015201569,..,5.10154666878939,0.381170004606247,11.045128627489,0,0,..,79.2799987792969,58.645,36.6411062080794,1.98953731496432,42.58,100,18.1,..,100.749008178711,713512,50.6006646823485,4.172,5.131,91.8634054226728
Denmark,2019,100,100,..,..,..,..,1.18906792387033,0.575810015201569,..,4.82945147545583,0.403620004653931,11.3431861456161,0,0,..,76.0538482666016,59.245,35.7936463089725,1.49348695853648,44.3,100,18.1,..,100.551002502441,1612517,54.9413104861,4.096,5.018,91.661273096267
Denmark,2020,100,100,..,..,..,..,-0.537966580721758,0.498970001935959,..,4.64546707811849,0.355190008878708,10.3210376330659,..,..,..,79.3199996948242,58.522,39.5074453959367,-2.42451267861938,43.97,99.9999967060358,17.5,..,100.459587097168,1615776,54.2238398680374,4.682,5.637,91.4760030616874
Denmark,2021,100,100,100,..,..,..,6.39373977203749,0.566280007362366,..,4.79075411315281,0.469520002603531,10.7045011856369,..,..,..,77.0769271850586,59.399,37.0358996894591,6.84452190183443,43.09,99.9999998331871,..,..,100.308418273926,1520727,57.2344751898297,3.995,5.043,91.1728449489982
Denmark,2022,100,100,..,..,..,..,..,0.800140023231506,..,4.8762542910537,0.586499989032745,11.2029224354641,..,..,..,76.8023986816406,60.561,32.5498914013147,2.73117445421431,44.07,100,..,..,100.244453430176,1527470,54.1159420959813,3.551,4.434,91.4176041329629
Estonia,2012,100,100,..,..,..,..,4.42275111336056,..,..,9.04806163615419,..,18.0806378663635,..,..,..,87.25,55.167,30.5335552643062,3.22820049358981,24.94,99.3681632506101,..,99.54882,98.3196105957031,1661,33.1122456115812,6.129,10.021,91.7991853678533
Estonia,2013,100,100,..,..,..,..,4.08183205033161,..,..,9.8749264718968,..,18.2773403649207,..,..,..,88.4400024414062,56.033,30.6100476849611,1.45842863615992,26.8,99.5437917222656,..,99.39714,97.6795196533203,2127,35.5859540927898,5.796,8.631,91.5459890146166
Estonia,2014,100,100,97.67,..,..,..,4.1798725828726,1.55483996868134,..,10.6800633483299,2.44312000274658,18.9460311517138,0,0,..,85.9499969482422,56.627,30.2774918838205,3.01136658651455,27.1,99.7181271894266,..,99.32959,97.5922622680664,2885,35.5481935241905,4.757,7.352,91.3868582761231
Estonia,2015,100,100,..,..,..,..,2.58379478456025,2.16045999526978,..,15.0486648783741,2.483069896698,18.478999839661,0,0,..,86.5599975585938,58.139,32.3803149787203,1.85302004629342,27.95,99.8911870771644,33.3,99.73484,97.1191482543945,4105,35.9887919294725,3.969,6.412,91.176136071507
Estonia,2016,100,100,..,..,..,..,4.79592418744691,2.19085001945496,..,13.9638640124111,2.45626997947693,18.4155248189914,0,0,..,86.8899993896484,58.653,32.3957566497194,3.15556481438308,25.61,99.915239179191,..,99.82892,97.2923431396484,14193,34.3755939132602,3.899,6.882,90.8613372025357
Estonia,2017,100,100,97.99,..,..,..,5.62777574421338,2.27696990966797,..,13.0952765067024,2.41259002685547,18.3768720225911,0,0,..,86.9599990844727,59.889,31.3565538151285,5.79204467466494,26.11,99.9391483256029,..,..,97.2500534057617,38377,34.259765707176,3.248,5.807,90.6543245799083
Estonia,2018,100,100,..,..,..,..,4.91953912039892,2.17038989067078,..,12.6974210538735,2.3692901134491,17.7825430425372,0,0,..,87.629997253418,60.397,31.9876743085501,3.78420084952826,29.22,99.9631593750796,30.5,..,97.4559478759766,64636,35.4919248304564,3.518,5.412,90.3252298619327
Estonia,2019,100,100,..,..,..,..,3.72739511766061,2.06240010261536,..,12.1046503114663,2.26395988464355,17.78993684449,0,0,..,88.4075698852539,60.706,32.2685909948399,4.03368839094283,29.65,99.9872873090016,30.5,..,98.1577224731445,110548,34.5181691934783,2.823,4.514,90.2007638937453
Estonia,2020,100,100,..,..,..,..,-0.446213649861761,2.12694001197815,..,10.5469283348323,2.21795988082886,17.211542025216,..,..,..,85.7600021362305,59.098,36.1119436348174,-0.965410617081545,32.57,99.9999977228497,29.7,..,98.3466720581055,112151,36.9868726684029,4.757,6.956,89.9385889636945
Estonia,2021,100,100,99.38,..,..,..,9.08932113495457,1.92250001430511,..,9.26624193499658,2.12304997444153,16.8282634856492,..,..,..,85.8408355712891,59.753,34.7364747357997,7.2493263542448,32.34,99.9999991547783,..,..,98.8146667480469,128166,38.9589283225234,3.445,6.178,89.6497153861575
Estonia,2022,100,100,..,..,..,..,..,1.55664002895355,..,9.521769492527,1.82405996322632,16.9884777210568,..,..,..,86.4714736938477,61.987,32.5324339227371,-0.461002668410416,33.41,100,..,..,99.2638168334961,140416,38.0110295672772,3.654,5.571,89.4845137058726
Finland,2012,100,100,..,..,..,..,-2.43133013794457,0.932359993457794,..,3.99955398497272,1.26225996017456,10.8814340864103,..,..,..,71.9499969482422,55.135,27.0313424891935,-1.39754572817782,43.59,100,..,99.9326,99.7071228027344,11939,27.6605731225296,4.005,7.689,86.4229783864637
Finland,2013,100,100,..,..,..,..,-0.613734971548666,0.964320003986359,..,4.09704120474371,1.33873999118805,11.0004883641562,..,..,..,72.8099975585938,54.296,27.5752370045174,-0.901696316194844,43.21,100,..,99.92357,99.6918487548828,13736,27.2789776903198,4.402,8.193,86.5616425636715
Finland,2014,100,100,100,..,..,..,1.03011414404106,1.06025004386902,..,4.35706312340211,1.33726000785828,10.8891989407929,212.5,0,..,73.5699996948242,53.801,27.5668569384766,-0.364908156882066,43.32,100,..,99.85416,99.6617202758789,16433,27.8803354729888,5.016,8.663,85.9993431679085
Finland,2015,100,100,..,..,..,..,1.99346212538445,1.13102996349335,..,5.42519167579409,1.60240995883942,10.749648499981,212.5,0,..,74.0199966430664,53.43,27.2077015871514,0.543659211765487,43.58,100,24.5,99.98863,99.5672302246094,18604,28.1937511554816,6.395,9.376,85.7815469117803
Finland,2016,100,100,..,..,..,..,2.38457988484957,0.787490010261536,..,6.56997239440927,1.62970995903015,10.2798625095654,212.5,0,..,77.6111145019531,53.439,26.5899833576991,2.81145776663433,42.01,99.9999965612864,..,99.89739,99.5080413818359,39189,28.1779427031564,5.804,8.818,85.967109994347
Finland,2017,100,100,99.79,..,..,..,2.77387695423754,0.685670018196106,..,5.48573151051527,1.82955002784729,9.96378599909489,212.5,0,..,75.5199966430664,53.77,25.5610889920946,3.19240962968416,43.47,100,..,..,99.4682083129883,122966,28.6971718420324,5.637,8.64,86.3866720612011
Finland,2018,100,100,..,..,..,..,1.65972327486021,0.715730011463165,..,7.83653361719762,1.82132995128632,10.4259404143931,212.5,0,..,80.3374557495117,55.051,25.1544148512392,1.1397180134305,44.21,99.9999977602025,22.2,..,99.7032012939453,187523,28.5764238846494,4.345,7.361,86.7912758888849
Finland,2019,100,100,..,..,..,..,0.810608265631757,0.667909979820251,..,5.88198439540966,2.22771000862122,10.8291444320487,212.5,0,..,77.4499969482422,55.376,24.8947293815507,1.22474892206223,43.84,100,22.2,..,99.5557479858398,318556,28.6757438224912,4.021,6.695,86.542402931177
Finland,2020,100,100,..,..,..,..,-1.05995692629374,1.30139005184174,..,6.14251952164462,1.89110994338989,9.92491981921813,..,..,..,82.5449523925781,54.41,28.4164713197053,-2.35496515679442,44.41,100,21.6,..,99.8175811767578,451490,26.1973737074708,4.515,7.759,86.5661060524737
Finland,2021,100,100,99.53,..,..,..,3.85624535808007,1.26150000095367,..,6.12052593287218,1.3612300157547,10.4129754624674,..,..,..,80.7345123291016,55.811,27.2033479079565,2.83817960418034,45.66,100,..,..,99.353630065918,581590,29.5964644807689,4.598,7.617,85.4275441891491
Finland,2022,100,100,..,..,..,..,..,1.72082996368408,..,5.73931420360189,1.97632002830505,10.7657874067885,..,..,..,81.3429718017578,57.021,25.8294201810323,1.33546730512326,46.19,100,..,..,98.6190185546875,729439,32.2497740123008,3.915,6.719,86.0665965279444
France,2012,100,100,..,..,..,..,-0.56360521120294,1.6875,..,4.26650883747211,0.369890004396439,26.2691281801413,..,..,..,63.75,50.727,22.9153620923744,0.313134751077172,25.46,99.9999984764295,..,..,102.523162841797,40871,40.5996388103115,5.693,9.841,88.5169993254558
France,2013,100,100,..,..,..,..,1.01482529036589,1.80315005779266,..,4.53258062385818,0.579230010509491,26.3369705424735,..,..,..,66.3399963378906,50.838,22.663116046796,0.576326674771792,27.04,100,..,..,102.276443481445,54208,41.8347309605538,6.255,9.913,88.7270507949146
France,2014,100,100,96.58,..,..,..,1.26433376707931,2.53989005088806,..,4.2366463637383,1.36187994480133,26.1188792294358,0,0,..,68.5299987792969,50.336,22.7003416652518,0.956183052371557,27.4,99.9999972602157,..,..,101.280349731445,78843,41.1779272273744,6.314,10.273,88.3892908840155
France,2015,100,100,..,..,..,..,2.3563745318161,2.01315999031067,..,4.67838137015214,0.514980018138885,25.8509232719974,0,0,..,69.4400024414062,50.256,22.5233712027481,1.1129123405747,26.82,100,33.7,..,101.989639282227,126340,39.9551566874644,6.3,10.354,88.410020808691
France,2016,100,100,..,..,..,..,1.25395937903011,1.55781996250153,..,5.15137252858059,0.167199999094009,25.4919404284413,0,0,..,69.6699981689453,50.308,22.7515510518864,1.09546440372048,39,99.9999974727228,..,..,102.260429382324,446252,39.3431349506873,5.696,10.057,88.186210174663
France,2017,100,100,94,..,..,..,1.91792832468178,1.15230000019073,..,5.37401395271466,0.0584000013768673,25.3239121762666,0,0,..,70.0800018310547,50.403,22.8350778890513,2.29141999417021,39.33,100,..,..,102.417221069336,991690,39.6709482751584,5.224,9.41,88.266344321831
France,2018,100,100,..,..,..,..,1.35662417424136,0.959379971027374,..,5.41296527913485,0.0147200003266335,25.9217722294502,0,0,..,71.1531143188477,50.608,22.0664611353756,1.86506607081999,39.03,99.9999994044406,33.6,..,102.464408874512,1367541,39.1714198164684,5.435,9.018,88.3540140197603
France,2019,100,100,..,..,..,..,1.61398842814866,0.585349977016449,..,5.52208226708401,0.116329997777939,25.6945307213876,0,0,..,72.1900024414062,50.621,21.8312831904694,1.84297181445896,39.5,100,33.6,..,102.447647094727,1971311,43.953301259421,5.102,8.415,87.9070429452119
France,2020,100,100,..,..,..,..,-9.69248573077469,0.0373000018298626,..,5.85566091396961,0.0184300001710653,24.1733536657867,..,..,..,73.3635330200195,50.167,24.7257393978511,-7.54045916249407,43.8,99.9999980735321,33.4,..,102.651626586914,2440930,44.6687843623552,5.206,8.01,87.5955374433482
France,2021,100,100,99.24,..,..,..,9.02560323453277,0.117679998278618,..,5.72243967873599,0.0704500004649162,23.5931628745559,..,..,..,76.7396774291992,51.487,23.8377246796514,6.43520962104938,40.13,100,..,..,102.580406188965,2689564,47.6227985947804,5.324,7.874,87.3783523329605
France,2022,100,100,..,..,..,..,..,0.18503999710083,..,5.3461127232552,0.0146899996325374,23.5213877721008,..,..,..,74.4087524414062,52.071,23.5577842682256,2.45475817660707,38.35,100,..,..,102.720581054688,3227132,50.2380713580625,4.736,7.308,86.907461797677
Germany,2012,100,100,..,..,..,..,-0.175414656567028,0.639859974384308,..,..,0.890890002250671,7.07468165565645,..,..,..,82.0500030517578,56.848,13.6510266600129,0.418497594217598,40.1,99.9999993293627,..,99.3411,104.140548706055,176527,39.8674969522419,2.372,5.372,88.4276791617559
Germany,2013,100,100,..,..,..,..,0.558276555576882,0.726790010929108,..,..,0.912020027637482,7.29788687739382,..,..,..,82.3099975585938,57.159,13.0861685667028,0.437591303144671,40.73,99.999998584425,..,99.68935,103.638671875,209774,40.7848302904056,2.408,5.316,88.8044194543715
Germany,2014,100,100,98.76,..,..,..,2.54025335535255,0.728980004787445,..,..,1.23104000091553,7.36990395687144,345,0,..,83,57.426,12.5573284416707,2.20954343134872,40.51,100,..,99.63376,102.62181854248,271517,41.219536865153,2.471,4.98,89.0455938398644
Germany,2015,100,100,..,..,..,..,2.75949683908175,1.05325996875763,..,..,0.857710003852844,7.4227109249902,345,0,..,83.0800018310547,57.438,12.342359013674,1.49193152760772,40.46,99.9999983056289,24.9,99.90526,102.702461242676,351083,42.0146415750489,2.263,4.612,89.2487869258006
Germany,2016,100,100,..,..,..,..,3.22399393298963,2.0388400554657,..,..,1.74626004695892,7.44889028784498,345,0,..,83.0100021362305,58.523,12.2814013283398,2.22999986782015,39.71,100,..,99.50305,101.406066894531,957300,44.0350857375234,2.179,4.104,89.5778343141098
Germany,2017,100,100,99.14,..,..,..,2.23145613589094,1.44248998165131,..,..,1.07963001728058,7.45406321442142,345,0,..,82.9806747436523,58.926,12.4052694082934,2.68023111405891,40.79,99.999998846436,..,..,101.738708496094,2825322,44.6436564713829,1.99,3.781,89.8431389785287
Germany,2018,100,100,..,..,..,..,1.35670610910259,1.37347996234894,..,..,0.870909988880157,7.67623028663769,345,0,..,83.4599990844727,59.19,12.1974178787384,0.981232606004738,40.77,100,22.5,..,102.645378112793,4676435,45.7177387772674,1.906,3.384,90.1008665677694
Germany,2019,100,100,..,..,..,..,0.870083673267018,1.34546995162964,..,..,0.956470012664795,7.8852591179898,345,0,..,83.5707550048828,60.006,12.2480002072473,1.07547163576423,41.17,99.9999995489977,22.5,..,102.547470092773,6478761,45.9314102644955,1.872,3.163,90.3832240407151
Germany,2020,100,100,..,..,..,..,-4.72559059064749,1.36312997341156,..,..,1.18655002117157,7.17302266180811,..,..,..,83.6999969482422,58.207,14.579975497469,-3.82676871619293,43.27,100,22,..,101.996658325195,8109646,47.7842840794233,2.544,3.881,91.0960998951215
Germany,2021,100,100,99.98,..,..,..,2.07102663757261,0.671159982681274,..,..,1.46276998519897,6.18217265245103,..,..,..,80.9400482177734,58.411,16.6767750763659,3.16381994194575,42.83,100,..,..,101.346549987793,9425914,46.216050814583,2.404,3.594,91.2498394630667
Germany,2022,100,100,..,..,..,..,..,1.42470002174377,..,7.00177428428283,1.91470003128052,6.36178658465275,..,..,..,80.7969970703125,59.341,15.8901519548288,1.80620896724351,42.88,99.9999985568823,..,..,100.218132019043,10553940,46.7677953293075,1.877,3.12,91.2534335735398
Greece,2012,100,100,..,..,..,..,-4.00202344848289,..,..,4.50391951035432,1.93592000007629,24.8293241450671,..,..,..,55.6021575927734,39.113,44.3134717944152,-7.08669678638024,23.13,99.9593510144483,..,99.03985,99.5018005371094,1793,35.308469850122,18.911,24.731,63.3563545356327
Greece,2013,100,100,..,..,..,..,-2.90407138692105,3.82101988792419,..,7.2650484914582,2.26207995414734,19.7888623896908,..,..,..,56.8320388793945,37.398,51.4208070761897,-2.51599722189651,24.07,99.9790200917084,..,98.88882,98.7325210571289,2330,32.1097762289068,20.856,27.686,63.0109821004254
Greece,2014,100,100,87.52,..,..,..,2.72856648207727,6.14374017715454,..,8.07355026882126,2.8713800907135,27.199697047372,300,0,..,56.2700004577637,37.765,38.8465149987382,0.475695947137041,25.95,99.9982288014899,..,99.56539,97.959342956543,3026,34.3330773747685,20.503,26.708,64.0328599890661
Greece,2015,100,100,..,..,..,..,1.27480074164063,3.29626989364624,..,10.1669047034253,2.17934989929199,25.9351132492561,300,0,..,57.9300003051758,38.726,40.3790095307243,-0.196087629724133,26.26,100,37.9,97.13093,99.8291091918945,4436,32.943861869463,19.734,24.981,65.0436951704983
Greece,2016,100,100,..,..,..,..,-0.113228748228394,4.08218002319336,..,10.4331869506799,1.42453002929688,27.1515743232007,300,0,..,54.6399993896484,39.516,38.3439731535796,-0.487173294301954,25.33,100,..,98.93394,99.3706512451172,15214,33.2510533259565,17.827,23.514,65.9096047201302
Greece,2017,100,100,85.47,..,..,..,1.38873985194823,3.66390991210938,..,11.997373253489,1.97014999389648,27.635766553825,300,0,..,59.9743156433105,40.556,37.1903601225367,1.09214912017283,25.16,99.9999979723882,..,..,98.8267135620117,39746,32.9473661968855,16.324,21.414,66.1784607491356
Greece,2018,100,100,..,..,..,..,0.574103473169657,3.64787006378174,..,10.7157998546345,2.98123002052307,26.7872938047719,300,0,..,60.8411026000977,41.581,37.8730675930557,1.66842863602514,25.24,99.9999999632639,34.5,..,97.8011016845703,54044,33.7039767375189,14.209,19.179,66.5162817420752
Greece,2019,100,100,..,..,..,..,2.73142090108219,3.19763994216919,..,10.9783046101491,3.1951699256897,27.7296579450805,300,0,..,63.7433700561523,42.657,35.8510639075375,1.87948998590817,25.1,99.9999992981031,34.5,..,97.6437683105469,71270,31.4069774724931,12.086,17.045,68.1028270256872
Greece,2020,100,100,..,..,..,..,-9.78023865566728,3.36996006965637,..,8.83237171883536,3.72726011276245,24.2530727441343,..,..,..,65.2699966430664,42.462,46.1931689292599,-9.31643576478743,31.91,100,33.5,..,97.2831726074219,95300,32.2260011496455,11.557,15.899,68.1425002933653
Greece,2021,100,100,94.88,..,..,..,8.69091079214543,2.39033007621765,..,6.97082251307764,3.84676003456116,23.4374370338476,..,..,..,67.1153335571289,43.33,43.547568907751,8.37994378358083,25.85,99.9999952318863,..,..,97.3313217163086,120324,32.2341986096052,10.943,14.657,68.1753708088274
Greece,2022,100,100,..,..,..,..,..,0.993260025978088,..,6.92333288644458,0.00218000006861985,22.6321681822475,..,..,..,68.630744934082,45.754,40.1286622268274,5.55728707963308,25.75,99.9999994922049,..,..,101.192031860352,136391,30.5216950278949,8.876,12.426,62.8837641054992
Hungary,2012,100,100,..,..,..,..,-1.77645240330976,1.15570998191833,..,9.47369914991514,1.68873000144958,17.7612690683184,..,..,..,77.629997253418,45.976,32.9778518063012,-1.25022602347063,21.41,99.9697006074986,..,99.32605,101.069969177246,3900,28.7961863444036,4.549,11.003,88.265820190921
Hungary,2013,100,100,..,..,..,..,4.60562535393434,1.61134004592896,..,9.93087229122764,2.51460003852844,20.3738470419196,..,..,..,78.4899978637695,46.87,36.6511467172256,1.80252210082266,23.87,99.9699743237225,..,99.61025,100.705917358398,5099,27.8223761591203,4.001,10.177,88.724179294177
Hungary,2014,100,100,72.26,..,..,..,3.8500624167196,1.93719005584717,..,8.53741171287908,3.55278992652893,21.8132526903187,0,0,..,74.120002746582,49.534,34.7618267707741,4.23220980614269,22.27,99.9702519413688,..,99.64058,101.314437866211,6592,28.4405065287979,3.144,7.725,88.6747194153676
Hungary,2015,100,100,..,..,..,..,4.38904902432728,2.52056002616882,..,8.21715459074335,4.28495979309082,23.4190610775096,0,0,..,75.0999984741211,51.026,32.5105745416165,3.7073159793626,22.86,99.9705261412823,33.2,99.84498,100.827682495117,9120,28.7093138543687,2.417,6.813,88.9919005773473
Hungary,2016,100,100,..,..,..,..,5.31644496826135,2.85660004615784,..,9.60256392469865,4.96833992004395,24.6770044284732,0,0,..,76.0599975585938,52.847,32.4198861474846,2.20100189293856,18.13,99.9708056888519,..,99.50456,99.0286331176758,40492,30.8099516938472,1.803,5.115,89.1830018276533
Hungary,2017,100,100,74.94,..,..,..,2.3833917973796,3.11308002471924,..,10.2612691911582,4.86931991577148,25.1547912594654,0,0,..,76.9970626831055,53.935,32.2381767428886,4.27197601620695,23.54,99.9710917206745,..,..,98.431266784668,133382,30.7774157552303,1.618,4.156,89.3785758315512
Hungary,2018,100,100,..,..,..,..,5.12012880216841,3.90091991424561,..,10.9666434812049,4.45279979705811,25.9507184306995,0,0,..,78.1045227050781,54.628,30.4774269885871,5.36234836176223,24.36,99.99999908101,32.2,..,96.7522125244141,188120,28.7919724919695,1.461,3.709,89.5834378159223
Hungary,2019,100,100,..,..,..,..,6.58399516642321,4.37389993667603,..,11.7071381480151,4.34871006011963,26.4785314842672,0,0,..,78.5931243896484,55.147,30.1355627018873,4.86422573511891,26.07,100,32.2,..,96.6208801269531,256400,28.7834560981554,1.544,3.419,89.1720989537478
Hungary,2020,100,100,..,..,..,..,-4.47052935231321,4.54261016845703,..,10.1245463509826,4.27849006652832,24.254850906784,..,..,..,80.0100021362305,54.482,35.2580883528635,-4.48704604765308,25.12,99.9999999799691,31.8,..,97.1749420166016,319932,28.9033633072308,1.845,4.25,87.7089370397527
Hungary,2021,100,100,88.22,..,..,..,2.92912837119954,5.37253999710083,..,8.89330356644703,3.86026000976562,23.234547466905,..,..,..,81.4102630615234,57.134,35.3943141756947,7.06122060972912,27.36,99.9999988534441,..,..,101.458427429199,405489,25.6717035464556,1.744,4.045,87.4916236660344
Hungary,2022,100,100,..,..,..,..,..,4.78233003616333,..,8.94783227919207,3.68225002288818,22.7294290565927,..,..,..,82.6402359008789,58.164,35.4863493682184,4.58340767295068,23,100,..,..,103.47647857666,493765,29.2063314590818,1.447,3.609,87.3245336420737
Ireland,2012,100,100,..,..,..,..,-0.40883038805913,0.430330008268356,..,7.37427317357875,0.0578900016844273,24.7145490924075,..,..,..,67.6214752197266,52.114,40.3044815820797,-0.129692110994981,42.09,96.4189638953027,..,..,102.118339538574,11346,52.8060900851494,7.964,15.451,83.171491393694
Ireland,2013,100,100,..,..,..,..,6.31294900502553,..,..,7.54114085828058,0.0726900026202202,24.3385631922413,..,..,..,69.2389221191406,53.453,38.3890650643177,1.17461437395743,41.86,96.351241208789,..,..,101.958343505859,12215,51.8047960061157,7.499,13.735,82.9808559635201
Ireland,2014,100,100,94.71,..,..,..,7.86750091240268,0.192379996180534,..,9.75377067054334,0.0373600013554096,25.4050337431067,305,253,..,72.7109985351562,54.431,35.2953214131061,8.828998727303,40.91,96.2832427205083,..,..,101.542236328125,13078,51.0280863575247,6.902,11.858,83.1954144829726
Ireland,2015,100,100,..,..,..,..,5.4021021797422,0.302509993314743,..,12.4905010662019,0.0488200001418591,24.5407912929394,305,253,..,73.0481796264648,55.691,27.4742789211628,24.4752533362377,41.3,96.214981641015,23.8,..,101.184638977051,15020,53.887468821874,5.637,9.908,83.534552999699
Ireland,2016,100,100,..,..,..,..,5.59854786206147,0.370999991893768,..,13.0090654023298,0.0116400001570582,25.7732191297152,305,253,..,73.1577072143555,56.971,26.3319410996777,1.76555687937534,39.58,96.1464377731388,..,..,101.341491699219,55844,54.2046657874255,5.026,8.374,83.7699411306838
Ireland,2017,100,100,95.34,..,..,..,2.87022214958613,0.492410004138947,..,12.343982221468,0.028659999370575,30.1894409817639,305,253,..,70.7799987792969,57.818,21.4550131659373,9.31125930624903,37.78,96.0774432374184,..,..,100.852783203125,185553,54.4826063348203,4.048,6.713,84.3940958468447
Ireland,2018,100,100,..,..,..,..,3.83440039356881,0.53684002161026,..,13.1166300272989,0.00173999997787178,30.0927483355111,305,253,..,74.7869262695312,58.594,20.6912549955585,8.47029545192876,35.24,96.0079441237886,21.4,..,101.03288269043,338734,56.3328924905085,3.812,5.741,84.9842403098842
Ireland,2019,100,100,..,..,..,..,5.05155485277893,0.63279002904892,..,11.9168558564756,0.1372299939394,31.0811259234497,305,253,..,75.3639297485352,59.253,19.6361430263718,5.2977280259237,34.99,96.0041044843285,21.4,..,100.980857849121,470811,56.3355714856243,3.22,4.95,85.6013908919459
Ireland,2020,100,100,..,..,..,..,-5.5540960571347,0.558239996433258,..,10.3356476538231,0.0423300005495548,27.8366566690695,..,..,..,76.9801483154297,57.684,21.8195205342338,6.61719466830968,39.88,96.0000577460047,20.8,..,101.368812561035,577386,59.7677839600907,4.124,5.623,85.4781019590211
Ireland,2021,100,100,99.66,..,..,..,17.4557283590163,0.365130007266998,..,10.8833821316832,0.763459980487823,27.8005386467197,..,..,..,79.0847473144531,59.587,20.2335875797285,15.1252197949572,29.02,95.9958314677729,..,..,99.9838485717773,582249,60.0183429808188,4.128,6.364,85.9371942785818
Ireland,2022,100,100,..,..,..,..,..,0.450789988040924,..,10.5820195890129,1.10953998565674,30.0568301007036,..,..,..,79.5170516967773,61.728,17.4258859658328,9.43302211023355,38.61,95.9914050398065,..,..,99.6199417114258,702503,63.8017903824265,3.336,4.501,86.0440612873673
Italy,2012,100,100,..,..,..,..,-3.89358221502201,0.289920002222061,..,5.38561894112228,0.336490005254745,18.5743633383369,..,..,..,47.2799987792969,43.853,30.8253958931608,-2.98090576823772,34.14,99.8656091397081,..,99.89623,100.028991699219,18058,53.421794258019,6.651,10.655,75.0938051646869
Italy,2013,100,100,..,..,..,..,-1.53740324471987,0.600380003452301,..,5.40437637297026,0.885320007801056,18.6973039566326,..,..,..,48.1467742919922,42.865,30.848401734353,-1.84106545088248,34.88,99.8913216069004,..,99.88062,101.111892700195,22587,53.9417603125586,7.298,12.149,75.1788071800967
Italy,2014,100,100,87.33,..,..,..,1.0619724892303,0.843959987163544,..,5.88069247298708,1.23084998130798,18.45292265526,0,0,..,48.6399993896484,42.836,30.9044653649957,-0.00454754236383792,35.55,99.9170340740928,..,99.92509,100.752258300781,29973,52.9264220251568,7.824,12.683,75.3203584552031
Italy,2015,100,100,..,..,..,..,0.668545966612498,0.980870008468628,..,6.18553029060669,1.49433994293213,18.0939953162738,0,0,..,49.1500015258789,43.142,30.8153840112846,0.778304350716581,35.45,99.9170340740928,23.8,99.92865,100.37190246582,38140,53.395258432289,7.098,11.896,75.6205147055871
Italy,2016,100,100,..,..,..,..,3.89307958784624,1.16180002689362,..,5.49301015373371,1.66491997241974,18.2847556848853,0,0,..,50.1106872558594,43.715,30.7040366159237,1.29346273155907,34.37,99.9170340740928,..,99.95024,99.8127670288086,79125,51.9425411453666,6.749,11.688,76.0650020994059
Italy,2017,100,100,93.79,..,..,..,1.73928298280197,1.15609002113342,..,6.63508479542177,1.63794004917145,18.3538444130956,0,0,..,51.0024604797363,44.228,30.3823671271699,1.66785904106857,34.8,99.9170340740928,..,..,102.803092956543,468800,52.2765394081487,6.372,11.211,76.569822505864
Italy,2018,100,100,..,..,..,..,1.46570337692997,1.15778005123138,..,6.33332010943286,1.57104003429413,19.1130959545764,0,0,..,51.9755325317383,44.619,29.7143849421856,0.925810941012742,33.57,99.9170340740928,23.3,..,102.894989013672,740648,51.7790722319397,5.921,10.61,77.0896231228248
Italy,2019,100,100,..,..,..,..,0.392058921859757,1.17201995849609,..,6.71281171151418,1.59695994853973,19.0691839333607,0,0,..,52.5768356323242,44.928,29.1911300401832,0.483198316597154,33.42,99.9170340740928,23.3,..,102.959373474121,914642,52.5266273663423,5.704,9.952,77.260392161872
Italy,2020,100,100,..,..,..,..,-9.43300445475607,1.18927001953125,..,6.60331222306056,1.48284995555878,16.1903067785812,..,..,..,52.4599990844727,44.064,37.1494229791509,-8.97419212060699,40.6,99.9170340740928,23.1,..,102.636672973633,1229028,54.854661622694,5.331,9.164,77.481225437084
Italy,2021,100,100,97.29,..,..,..,6.172560660508,1.93376994132996,..,6.12242463285733,2.10580992698669,15.2115849199967,..,..,..,52.4379005432129,43.96,36.9854658888415,8.3102399077017,35.64,99.9170340740928,..,..,101.089881896973,1467886,52.8715860884199,5.049,9.497,78.1681807214423
Italy,2022,100,100,..,..,..,..,..,2.30598998069763,..,5.89043874888019,2.50709009170532,15.31638390235,..,..,..,52.7956314086914,45.138,36.0000260845758,3.98589744251659,34.19,99.9170340740928,..,..,101.56453704834,1656567,53.5306995578577,4.087,8.069,78.4579757444498
Latvia,2012,100,100,..,..,..,..,4.67727031431997,1.23418998718262,..,8.71126431069441,1.46035003662109,21.6112558268479,..,..,..,86.0899963378906,50.74,31.5564534181213,7.04224716054507,18.51,98.3716321139667,..,97.89605,101.048713684082,1141,18.5494826337291,6.473,15.047,88.6341566250199
Latvia,2013,100,100,..,..,..,..,3.52339860435423,1.60473001003265,..,8.91123820977197,1.86098003387451,22.6119493664949,..,..,..,86.8600006103516,52.381,30.9358490219837,2.00796687876637,18.92,98.4241537968664,..,98.34138,100.386268615723,1430,18.2951706671272,6.002,11.867,88.4451191320161
Latvia,2014,100,100,90.22,..,..,..,2.16376666339045,1.54703998565674,..,8.58479537618779,1.96988999843597,22.0049049383604,150,0,..,87.8000030517578,52.844,33.0660269057591,1.90217268380506,17.28,98.4765906084133,..,98.37766,99.8528213500977,1824,17.5216626693396,5.561,10.846,88.4559637466775
Latvia,2015,100,100,..,..,..,..,4.26054933674654,1.85964000225067,..,9.03147287308198,2.03865003585815,23.0517923810102,150,0,..,88.2900009155273,54.135,31.8474682452896,3.88526005426763,20.01,98.5289621895309,38.5,98.89527,99.3933181762695,2596,17.5411330291621,4.945,9.873,87.3894881499013
Latvia,2016,100,100,..,..,..,..,5.74634458328921,1.72745001316071,..,8.49258521521282,1.73730003833771,24.6321937764968,150,0,..,88.7300033569336,54.592,30.727110694131,2.36861474664423,19.06,98.5813642330942,..,98.9753,99.1985473632812,5758,18.5028355893338,4.288,9.643,87.122246734601
Latvia,2017,100,100,93.22,..,..,..,4.51602834549089,1.29531002044678,..,9.72233088632771,1.5161999464035,25.508274317743,150,0,..,87.9997253417969,55.53,30.4163550392486,3.31247593587459,18.27,98.6337529130144,..,..,99.3678436279297,23206,18.7296898212637,4.078,8.715,87.8556978068523
Latvia,2018,100,100,..,..,..,..,4.63445945739893,0.978330016136169,..,11.0621409236515,1.1314400434494,25.4144658141509,150,0,..,90.3000030517578,56.887,30.7830661450033,3.99051924069269,16.54,98.6860670993294,37.2,..,99.614387512207,27952,13.9186631654987,3.723,7.412,88.4833082309079
Latvia,2019,100,100,..,..,..,..,1.68193592325412,1.74196004867554,..,8.50213272939958,1.17625999450684,25.4636108275608,150,0,..,90.9300003051758,57.363,31.960603227786,0.587502383494098,18.7,98.7382545669579,37.2,..,99.9834365844727,38004,9.56057044754484,4.233,6.312,88.4153163309959
Latvia,2020,100,100,..,..,..,..,-1.66394414050156,1.66895997524261,..,9.25494408594655,1.3022700548172,23.7739193960286,..,..,..,90.1376037597656,56.68,36.2635166015169,-3.51380284197906,21.06,98.7902639963924,37,..,99.8328475952148,38634,12.5351651649314,3.791,8.098,87.3188030248565
Latvia,2021,100,100,96.62,..,..,..,5.2047342692952,1.32161998748779,..,8.96661774433405,1.27524995803833,21.9417088175797,..,..,..,88.1561660766602,55.664,40.1245804819825,6.73173527824665,22.32,98.8420437979057,..,..,99.7407684326172,42538,14.7683532088024,4.482,7.513,87.0098688135266
Latvia,2022,100,100,..,..,..,..,..,1.3436199426651,..,9.43251709763605,1.4437700510025,22.9414576870332,..,..,..,88.7702789306641,56.973,35.6353628829914,2.95473177143623,18.56,98.8935273885372,..,..,99.41796875,41856,15.5246481500245,3.736,6.815,86.6008300937649
Lithuania,2012,100,100,..,..,..,..,3.09292228242313,0.148259997367859,..,11.1210067595453,..,21.934516282382,..,..,..,81.5500030517578,50.014,22.7509365937544,3.84386474906337,21.06,95.18639409975,..,99.30393,101.85440826416,1344,30.6952859016476,5.641,13.365,88.9463617387146
Lithuania,2013,100,100,..,..,..,..,4.42654061679664,0.0124099999666214,..,11.6346593720184,0.137899994850159,22.1211515760085,..,..,..,82.3099975585938,51.173,22.6587928192324,3.55007284270488,21.61,95.6610147705921,..,99.26737,101.754577636719,1882,31.582499084439,5.11,11.77,88.2273639565267
Lithuania,2014,100,100,77.91,..,..,..,5.40564937977568,5.42633008956909,..,11.2608745499325,0.49702000617981,23.147504516955,58,0,..,83.3300018310547,52.624,21.7361346070949,3.53700987901611,22.08,96.1335981896812,..,99.51795,100.977882385254,2208,31.5055393102877,4.198,10.698,87.8959606820372
Lithuania,2015,100,100,..,..,..,..,0.597210204404391,4.89234018325806,..,9.89325622703281,0.34909999370575,22.5075404871537,58,0,..,84.3099975585938,53.762,22.5617044297847,2.02458395469182,21,96.6041391284408,34,99.7004,101.542343139648,3443,32.2925643479604,3.676,9.12,87.7293393994969
Lithuania,2016,100,100,..,..,..,..,3.80447807975114,4.72700977325439,..,7.74932763930901,0.192770004272461,23.4187343933472,58,0,..,86.2200012207031,55.587,21.9419960914235,2.51882827307178,19.6,97.0737449088059,..,99.21346,104.223098754883,12556,33.0326098098995,2.906,7.862,87.6656729645893
Lithuania,2017,100,100,82.88,..,..,..,5.01689400044891,4.14998006820679,..,8.25494542625541,0.141169995069504,24.1844108933798,58,0,..,87.3099975585938,56.315,20.5675061843756,4.28259695120761,23.83,97.5420664494059,..,..,106.410949707031,36934,32.1505319367316,2.903,7.073,88.0724984187405
Lithuania,2018,100,100,..,..,..,..,3.73697708940325,2.14716005325317,..,8.05900717149571,0.374949991703033,17.4468635034135,58,0,..,88.5540771484375,57.765,29.2508291620918,3.99331032795327,22.78,97.9905320928671,32.3,..,106.05738067627,51176,33.2274981009219,2.803,6.147,88.3338463443542
Lithuania,2019,100,100,..,..,..,..,4.6252488445855,0.263619989156723,..,6.41309834562661,0.584789991378784,21.3103101265799,58,0,..,89.6794509887695,58.204,24.8465721225609,4.6656783812234,22.44,98.0014728864191,32.3,..,104.706062316895,87889,43.8711221822683,2.904,6.255,88.3429795135764
Lithuania,2020,100,100,..,..,..,..,0.733191441291027,0.397069990634918,..,5.89539260995003,0.513300001621246,18.7246504654912,..,..,..,89.870002746582,57.3,30.9190179441564,-0.0246124952916773,27.5,98.0133504964109,32,..,103.468246459961,131718,43.1160720172586,4.087,8.487,88.2402482983682
Lithuania,2021,100,100,93.53,..,..,..,1.6744574471316,0.441460013389587,..,5.48365716205432,0.54355001449585,19.0884425258463,..,..,..,91.1113204956055,57.86,27.6319866740576,6.28471003860921,22.86,98.0259726580572,..,..,101.152992248535,150863,45.2020653119785,4.044,7.112,88.3727529352801
Lithuania,2022,100,100,..,..,..,..,..,0.565729975700378,..,5.03877701688608,0.0236399993300438,18.7831064944703,..,..,..,91.9948425292969,59.142,26.7201072320781,2.44017546498974,24.22,98.0394016663634,..,..,101.905830383301,188268,46.9413564569559,3.514,5.956,87.7823829778475
Luxembourg,2012,100,100,..,..,..,..,15.7158871958768,1.81262004375458,..,6.2837806517406,1.93862998485565,22.2453708229569,..,..,..,76.25,55.823,29.0221874375487,1.64990202978652,32.62,99.9871988643625,..,..,98.7363967895508,1232,46.9688876250083,3.47,5.03,91.1197934721877
Luxembourg,2013,100,100,..,..,..,..,-3.91589623342601,3.93493008613586,..,6.39190326438411,2.71701002120972,22.3094790081707,..,..,..,78.3000030517578,55.728,28.7816072390528,3.17179049916005,33.85,99.9652463040047,..,..,97.7293472290039,1765,47.3281891783594,4.094,6.045,91.1503898585252
Luxembourg,2014,100,100,96.17,..,..,..,5.99849289337043,3.28783988952637,..,6.49562441480695,3.02064990997314,22.6870904540642,0,0,..,79.5699996948242,56.176,28.0260581106619,2.62308601577192,32.82,99.9446049649796,..,..,97.3061294555664,2511,46.2019278636663,3.975,6.044,91.2430112126119
Luxembourg,2015,100,100,..,..,..,..,-11.4300643140278,4.23313999176025,..,7.01051761355808,2.62757992744446,22.9281073569482,0,0,..,69.0699996948242,56.43,27.7870590804558,2.26978448419565,31.23,99.92517284659,23.2,..,97.4022521972656,3133,50.7248044506562,4.754,6.796,90.216058899175
Luxembourg,2016,100,100,..,..,..,..,6.60497765692078,3.16200995445251,..,7.35565373285554,2.61967992782593,22.762628502592,0,0,..,75.3423461914062,55.867,27.4688911207551,4.97819043681629,31.74,99.9068737103635,..,..,97.4095687866211,6678,50.3380876392985,3.418,6.669,89.9385218514724
Luxembourg,2017,100,100,98.77,..,..,..,11.0143492838114,4.29525995254517,..,8.35098240479585,3.30612993240356,22.8070365285671,0,0,..,72.4430084228516,56.022,28.1549653848703,1.31718766293677,32.32,99.8896073148958,..,..,96.7351989746094,25651,50.1753762540047,3.817,5.523,90.7071082194814
Luxembourg,2018,100,100,..,..,..,..,0.894494156960278,3.88095998764038,..,7.97870895703011,2.44804000854492,23.1594680582384,0,0,..,74.2424240112305,56.542,29.0886234338377,1.21932191856359,32.11,99.8733042332159,21.6,..,97.3428497314453,26234,52.3859856770443,4.265,5.589,91.3945342304224
Luxembourg,2019,100,100,..,..,..,..,-5.74986444500128,3.87142992019653,..,7.44086665982223,1.47956001758575,23.4564539417999,0,0,..,75.2209701538086,57.249,29.7184183972172,2.9158479150005,31.22,99.8767046171651,21.6,..,98.3345489501953,24716,51.8570907055652,4.026,5.592,91.2343260450981
Luxembourg,2020,100,100,..,..,..,..,4.31411069166595,4.42357015609741,..,8.63865053727864,1.59484994411469,22.9067865133283,..,..,..,74.4377670288086,56.677,32.412834693651,-0.909829798886719,35.73,99.8799371174608,21.1,..,98.6442489624023,28308,51.5542372484037,4.763,6.766,90.6015388202378
Luxembourg,2021,100,100,..,..,..,..,12.2689344590974,3.94481992721558,..,7.85038707088602,1.65278995037079,23.627695573028,..,..,..,76.9224014282227,58.745,29.5269417748766,7.16840198697749,40.94,99.8830082695794,..,..,98.4758377075195,31491,51.1828251249713,4.019,5.571,89.6938759333534
Luxembourg,2022,100,100,..,..,..,..,..,1.61542999744415,..,8.14304909644451,0.345420002937317,23.1228554856044,..,..,..,77.4083404541016,58.732,30.4803015645758,1.38018589083207,36.17,99.8859478338476,..,..,99.484260559082,41732,51.8543154066133,3.695,4.588,89.3085685581372
Malta,2012,100,100,..,..,..,..,..,0.0599000006914139,..,6.06773694234154,0.267879992723465,30.7133322997677,..,..,..,32.439998626709,53.068,40.3654848516803,4.11770637605775,33.61,99.9999999041683,..,98.95627,100.937980651855,1091,47.3398764562272,2.172,6.203,85.4774347586529
Malta,2013,100,100,..,..,..,..,..,0.732469975948334,..,6.55250708579672,0.885439991950989,30.6988782142195,..,..,..,34.4799995422363,54.781,39.6105621015148,5.47335591422899,33.26,99.999997297169,..,97.79729,101.232513427734,1108,49.0856686586121,2.358,6.115,85.2507530239649
Malta,2014,100,100,96.33,..,..,..,..,0.197879999876022,..,5.46054456114402,1.17302000522614,30.9424026383781,370,230,..,35.7700004577637,56.222,38.4260174535576,7.6335384644276,37.51,100,..,96.78849,100.673332214355,1246,47.3400812189612,2.602,5.737,85.1554769785582
Malta,2015,100,100,..,..,..,..,..,0.343219995498657,..,5.90027045402132,1.24618995189667,30.8733080651342,370,230,..,36.9099998474121,56.973,35.9958431490196,9.6081323482308,36.87,99.9999975971148,26.3,98.58775,100.305511474609,1570,48.8414738053548,1.976,5.389,85.0536115197027
Malta,2016,100,100,..,..,..,..,..,0.14640000462532,..,6.40502020846628,1.27506995201111,31.6589885896592,370,230,..,38.0699996948242,58.437,35.356739716676,3.38145047586738,31.84,100,..,98.89143,99.9404602050781,1473,50.0278255105634,1.693,4.694,84.9165856075761
Malta,2017,100,100,97.36,..,..,..,..,0.347279995679855,..,7.31420925681032,1.05804002285004,31.7389861751153,370,230,..,43.7824783325195,59.99,33.510387083312,10.8692692319326,36.73,100,..,..,99.609992980957,6600,50.6629350485136,1.98,4.008,84.8870738358363
Malta,2018,100,100,..,..,..,..,..,0.550069987773895,..,7.75955914240081,0.859640002250671,30.5452491761895,370,230,..,45.2200012207031,62.433,34.0171090585389,7.41626982344488,34.2,100,24.5,..,99.5983276367188,6986,49.5662382108321,1.896,3.665,84.8312265592443
Malta,2019,100,100,..,..,..,..,..,0.684549987316132,..,8.12309700319801,2.29421997070312,30.8147822032603,370,230,..,48.5946006774902,64.001,33.2752939014666,7.1242612165712,28.51,100,24.5,..,98.1748886108398,5464,51.2638424447689,2.564,3.627,84.5632282787206
Malta,2020,100,100,..,..,..,..,..,1.25565004348755,..,7.93402953773633,3.63435006141663,27.1331551072305,..,..,..,48.2700004577637,64.671,42.8185200245486,-8.15677876534716,38.1,100,24,..,96.802490234375,7445,52.5921590785488,2.974,4.357,84.5613409820775
Malta,2021,100,100,96.45,..,..,..,..,1.19350004196167,..,7.56584920786071,5.06799983978271,27.7360982143403,..,..,..,53.1921730041504,66.462,40.7491877309157,12.5139471706304,35.69,99.9999991222723,..,..,95.4136581420898,3205,54.5608401022021,1.771,3.403,84.510394316932
Malta,2022,100,100,..,..,..,..,..,1.60627996921539,..,7.25771378606732,6.87698984146118,27.2276974658819,..,..,..,55.2392654418945,68.565,37.7052648848872,8.07553911825327,37.26,100,..,..,93.5346603393555,2710,53.6949154372615,2.09,2.929,84.9316308028552
Netherlands,2012,100,100,..,..,..,..,-2.12519368802801,0.254009991884232,..,4.55918624957978,..,9.38028818283218,..,..,..,67.0999984741211,61.223,26.6839314757583,-1.03035399148436,56.99,100,..,..,107.048240661621,81309,46.1373356690813,3.437,5.821,84.637204386266
Netherlands,2013,100,100,..,..,..,..,0.276433919158947,..,..,4.79495406116236,..,11.1805480268146,..,..,..,69.5299987792969,60.259,25.9307485809197,-0.130175288449919,58.21,99.9999988536471,..,..,..,95253,45.1641178234494,4.242,7.241,83.94832777461
Netherlands,2014,100,100,99.3,..,..,..,1.29064320725804,..,..,4.59325915581999,..,10.9568303386725,0,0,..,69.4199981689453,59.587,26.0185240335934,1.42339539510084,56.74,100,..,..,..,121508,45.7419941408223,4.075,7.419,83.3869955214032
Netherlands,2015,100,100,..,..,..,..,3.28345123564888,0.290529996156693,..,5.07310585106144,..,10.6098216576775,0,0,..,69.5699996948242,59.961,26.391722994516,1.95916972105708,57.79,100,24.6,..,106.059417724609,164806,48.1501267036504,3.92,6.872,83.1637912754537
Netherlands,2016,100,100,..,..,..,..,0.85312271040776,0.309899985790253,..,5.45629052490244,..,11.0244242360112,0,0,..,69.9899978637695,60.228,25.6401966860407,2.19171371926123,56.65,99.9999971771538,..,..,105.680366516113,410955,47.6875781441332,3.268,6.007,83.1857127971038
Netherlands,2017,100,100,99.64,..,..,..,4.73207680499574,0.412680000066757,..,5.70534420599312,0.202069997787476,11.3593154385776,0,0,..,70.5940017700195,60.938,24.5257713243721,2.91090251315005,56.45,100,..,..,105.039421081543,1206251,50.3277485989261,2.992,4.837,83.2428623299679
Netherlands,2018,100,100,..,..,..,..,3.01507402980721,0.427870005369186,..,5.8296435338352,0.260549992322922,11.352579800634,0,0,..,71.0999984741211,61.798,24.6638509432329,2.36091509478513,58.08,100,22.6,..,104.561111450195,1733183,49.7436299753997,2.526,3.832,83.3150279324384
Netherlands,2019,100,100,..,..,..,..,0.364438337200838,0.343529999256134,..,5.11882800340577,0.126550003886223,11.2913906571208,0,0,..,71.4319534301758,62.608,24.9919132162031,1.95558841574046,57.43,100,22.6,..,104.578910827637,2259681,50.6401436295095,2.365,3.379,83.3822583731389
Netherlands,2020,100,100,..,..,..,..,-6.52218666577829,0.355250000953674,..,5.4532980022619,0.173940002918243,10.0961909728437,..,..,..,72.9599990844727,62.062,30.0352780184048,-3.88608391819609,59.58,100,22.2,..,104.338813781738,2387096,49.8969815596992,2.518,3.82,82.7546796480899
Netherlands,2021,100,100,99.73,..,..,..,5.8596986020635,0.368950009346008,..,6.69556073284176,0.191049993038177,9.63392877234475,..,..,..,73.850830078125,64.168,29.9602452138615,6.19185710427116,60.52,100,..,..,104.378402709961,2877760,50.6147031942068,2.812,4.209,83.1153840216502
Netherlands,2022,100,100,..,..,..,..,..,0.435589998960495,..,5.97169142822162,0.405660003423691,10.2900739951103,..,..,..,74.0509719848633,65.505,28.2547892700321,4.32891831787197,60.41,99.9999974368313,..,..,104.215446472168,3207131,53.9468332742015,2.547,3.526,83.640352364759
Poland,2012,100,100,..,74.275614256857,60.5552662415094,22.6827292694566,1.76840492290611,3.31117010116577,..,8.69342901326147,3.4054799079895,19.3523975389655,..,..,64.4141259102048,82.0899963378906,50.564,23.9253840826073,1.54522157125609,23.49,96.9696751320083,..,99.29776,100.680816650391,15198,25.9632419774769,5.525,10.031,77.6056110386375
Poland,2013,100,100,..,..,..,..,1.16913996493525,3.57767009735107,..,9.09819450894361,3.7704598903656,19.8253676234756,..,..,..,82.8499984741211,50.343,23.9081518851917,0.85655708060645,24.46,96.237152990062,..,99.37275,100.073501586914,19695,25.1343939417548,5.635,10.293,78.170166586923
Poland,2014,100,100,77.86,..,..,..,4.60119453567293,3.89670991897583,..,8.93797496385428,4.16347980499268,21.3965116923289,0,0,..,83.4899978637695,51.307,22.4803957773711,3.83695849351797,23.22,95.5020825058949,..,99.46747,99.5637130737305,25891,25.0057997261033,4.651,8.971,78.6470373789718
Poland,2015,100,100,..,78.6752259823674,66.8526432010522,24.9562160100469,5.91499095492019,4.20299005508423,..,9.36957556840662,..,21.2048577860606,0,0,61.0839338858626,83.8682327270508,52.177,22.0932948043088,4.38329863507276,22.49,94.7645729803903,27.2,99.52425,..,36309,25.2642122475561,3.933,7.475,78.76756539292
Poland,2016,100,100,..,76.0475582687984,64.3105622722194,21.7567013755857,2.65728808176647,4.49336004257202,..,9.51434312460356,..,20.8950557337287,0,0,61.7621031056298,84.8600006103516,53.015,22.7813976327498,2.95350884167718,22.08,94.0267326823036,..,99.7691,..,94640,24.8751876318382,3.241,6.141,79.2835271044996
Poland,2017,100,100,86.73,67.0792449761856,54.8017674593013,21.3157701411078,5.20819583497803,4.72704982757568,..,10.0177818195465,4.87842988967896,19.1793053040748,0,0,62.9333763671349,85.4903793334961,53.934,24.2885544337939,5.14001757409446,22.78,93.2894896723265,..,..,97.6803283691406,248163,24.9642410423063,2.433,4.867,79.5855898254667
Poland,2018,100,100,..,..,..,..,5.63440592230282,3.68045997619629,..,8.74212583250818,4.576819896698,20.8831648743328,0,0,..,86.0824737548828,54.413,21.5318461363382,5.94520847705498,25.68,92.5535483138945,24.7,..,94.4897613525391,616219,25.7825984463189,1.999,3.835,79.7257010548956
Poland,2019,100,100,..,..,..,..,5.30134446160912,4.69919013977051,..,8.52328344979497,3.40893006324768,20.813626259282,0,0,..,86.5674667358398,54.605,22.1732040138222,4.44998787878788,25.66,91.8196871808371,24.7,..,94.9449615478516,782319,26.5009678785312,1.99,3.267,79.9915138119776
Poland,2020,100,100,..,..,..,..,-0.779877250371428,4.41947984695435,..,7.80919902161207,1.47061002254486,16.7995068687201,..,..,..,87.7799987792969,54.579,28.869362339969,-2.02007073357655,28.72,91.0888058086284,24,..,82.211540222168,954351,26.4850431011273,1.932,3.155,79.4436987603435
Poland,2021,100,100,95.72,..,..,..,5.14723324076358,0.0364499986171722,..,6.74652828003407,0.0214900001883507,18.6227543996913,..,..,..,87.8078155517578,56.236,24.9181203829891,6.93498038387065,19.64,90.3615703186745,..,..,96.6018218994141,1161013,26.6546711755913,1.745,3.268,80.2736426017564
Poland,2022,100,100,..,..,..,..,..,0.0623200014233589,..,6.53494996516391,0.0187699999660254,18.1152611699579,..,..,..,88.1990509033203,56.724,24.2987669433895,5.63756676578897,20.67,90.3695800959207,..,..,100.594268798828,1280389,26.5585125085539,1.306,2.811,80.1408367971156
Portugal,2012,100,100,..,..,..,..,-4.98806611824855,..,..,6.59315497897024,0.192839995026588,25.1224133512136,..,..,..,30.0200004577637,50.802,35.9940843124634,-4.05729360769561,29.7,99.1663315159812,..,..,108.921829223633,3767,39.4450917071053,12.014,15.531,77.9333069272825
Portugal,2013,100,100,..,..,..,..,1.71603822174637,0.154840007424355,..,6.72586185111791,0.126819998025894,26.0144661308513,..,..,..,31.8700008392334,49.685,37.2084196967312,-0.922644674527888,28.39,99.1701175619018,..,..,110.040496826172,4420,46.4760737509398,12.875,16.188,78.0854352263182
Portugal,2014,100,100,87.39,..,..,..,0.126427493574809,0.0404199995100498,..,6.44901627867401,0.140609994530678,23.3366144003243,0,0,..,34.2099990844727,50.637,39.4962757540953,0.792190301875365,28.75,99.1752188842536,..,..,108.552978515625,5570,44.914139971959,9.983,13.897,80.2759166570905
Portugal,2015,100,100,..,..,..,..,2.52731547978019,0.256639987230301,..,7.2009352290972,1.22552001476288,24.2804371569572,0,0,..,35.4300003051758,51.289,36.259493385234,1.79204604555983,26.76,99.1816088485954,25.2,..,107.011596679688,9336,44.0367650360423,9.242,12.447,81.5977317824401
Portugal,2016,100,100,..,..,..,..,3.00440045936925,0.517629981040955,..,6.58077363548724,1.7857700586319,25.85280491786,0,0,..,36.7700004577637,51.977,33.8839267738869,2.01948539561312,29.86,99.1892646693898,..,..,105.805290222168,32838,41.898752183363,8.356,11.068,82.2504429877956
Portugal,2017,100,100,92.34,..,..,..,3.19486408327963,0.662599980831146,..,7.77959655477925,1.80541002750397,24.8567287676777,0,0,..,37.6199989318848,53.714,34.3301907692383,3.5063452848124,29.7,99.1981685973505,..,..,104.913833618164,128391,41.3305986413197,6.454,8.869,82.8007080085654
Portugal,2018,100,100,..,..,..,..,2.08533658229682,0.750169992446899,..,7.31490622272039,1.45345997810364,26.3857448202883,0,0,..,37.0800018310547,54.973,31.6763464604113,2.84932593436179,28.82,99.2082795604193,25.3,..,104.979461669922,164308,41.4604414453013,5.376,6.994,83.3621039159831
Portugal,2019,100,100,..,..,..,..,2.7435202583999,0.115290001034737,..,7.9163514862058,0.722739994525909,26.9264140489439,0,0,..,40.6800003051758,55.419,31.0716296546671,2.68275992118076,28.68,99.2195941125794,25.3,..,105.182922363281,196988,40.6438041699958,5.312,6.464,83.1579624796376
Portugal,2020,100,100,..,..,..,..,-9.07907611463018,0.300029993057251,..,7.66530913321364,0.214780002832413,25.4431938422465,..,..,..,43.4500007629395,53.949,36.1416399242527,-8.3005165411776,34.42,99.2320673881807,25.4,..,105.589859008789,228378,42.2519176959457,5.804,6.801,83.3245284617474
Portugal,2021,100,100,92.65,..,..,..,4.92903289710821,0.375470012426376,..,6.96903677608203,0.0724100023508072,26.1475053474928,..,..,..,47.285888671875,54.004,34.1007075715316,5.73743721854339,31.94,99.2456837063356,..,..,104.925727844238,249968,40.5353544714837,4.884,6.577,84.0208158257089
Portugal,2022,100,100,..,..,..,..,..,0.412730008363724,..,6.69931768388593,0.337850004434586,25.4656960022672,..,..,..,48.120044708252,55.093,31.8005139126175,6.82751087594069,30.9,99.2604090152506,..,..,109.846130371094,288225,43.031497550528,4.338,6.011,84.8432359395724
Republic of Cyprus,2012,100,100,..,..,..,..,-7.29073317129256,1.41451001167297,..,3.79657259931127,1.31052005290985,40.3520062259605,..,..,..,68.9199981689453,55.946,34.2732623927361,-3.44738142393619,27.37,99.8117166379647,..,99.53709,100.175346374512,1710,40.3587443946188,10.439,12.097,83.3960630984373
Republic of Cyprus,2013,100,100,..,..,..,..,-8.26632132209666,0.392969995737076,..,8.12294910290514,1.79526996612549,39.7104731095835,..,..,..,69.8899993896484,53.252,34.2704070088234,-6.58748225683094,32.7,99.8039948994153,..,99.3834,99.7619781494141,1122,40.3318172177315,13.364,16.131,82.440609527472
Republic of Cyprus,2014,100,100,90.15,..,..,..,-3.71065833251845,0.298559993505478,..,9.57783632893941,2.27123999595642,31.1873253620413,300,335,..,69.5,53.493,40.3270666213116,-1.77606191187711,34.76,99.7962635128942,..,99.36473,99.152717590332,2796,37.8546632723906,12.953,16.277,82.1116870563932
Republic of Cyprus,2015,100,100,..,..,..,..,7.62992575417371,1.86775004863739,..,9.86910567244994,1.39976000785828,37.5569468038069,300,335,..,69.0500030517578,53.005,30.993873046,3.41892318781653,33.78,99.7885226504475,36.4,98.40366,99.3001174926758,2760,36.8357627864939,12.151,15.026,85.0714262711527
Republic of Cyprus,2016,100,100,..,..,..,..,4.79953310131991,2.31316995620728,..,10.1841003639361,1.73635005950928,39.1243809653697,300,335,..,71.1600036621094,53.327,27.9370853278479,6.57358020185954,31.06,99.7807592223867,..,99.74383,98.5455093383789,5325,36.5419452955516,10.947,13.006,85.7172440039998
Republic of Cyprus,2017,100,100,88.72,..,..,..,7.38897600350643,0.448379993438721,..,8.69778491699018,1.34039998054504,39.2211764304159,300,335,..,71.8100051879883,54.822,27.2113564681194,5.73347613913472,29.72,99.772986625002,..,..,99.3066864013672,20484,37.890625,9.846,11.155,86.2335663254205
Republic of Cyprus,2018,100,100,..,..,..,..,4.90899522885326,0.273809999227524,..,8.10080559529895,0.575219988822937,33.5738381402833,300,335,..,72.9800033569336,57.174,31.2846518089079,5.647664895964,28.84,99.7651834346312,35.5,..,99.7954406738281,7578,37.7601057729326,7.667,8.504,86.7208102394247
Republic of Cyprus,2019,100,100,..,..,..,..,3.66616700904841,0.641269981861115,..,8.9201400679064,0.507369995117188,36.7498425721934,300,335,..,73.3407135009766,58.507,29.5291061636975,5.53725481070528,31.04,99.7651923631792,35.5,..,100.477699279785,9854,38.166398163065,6.263,7.155,86.3468873016215
Republic of Cyprus,2020,100,100,..,..,..,..,-8.56366297851451,0.753199994564056,..,8.6621137957118,0.410600006580353,36.395664661081,..,..,..,74.4700012207031,57.935,33.2435789248541,-3.44359637887621,36.35,99.7651721581168,35.1,..,100.735160827637,30171,41.0257454782467,7.101,7.755,86.2176613197835
Republic of Cyprus,2021,100,100,93.13,..,..,..,5.0603746423719,0.152630001306534,..,7.34038844640039,0.0656099990010262,34.9335418229993,..,..,..,76.4442138671875,59.035,31.7028534200805,9.91131179221449,34.89,99.7651324768156,..,..,99.1028137207031,72876,41.5004748338082,6.306,7.513,88.1479741061518
Republic of Cyprus,2022,100,100,..,..,..,..,..,0.495480000972748,..,6.8692151867296,0.839969992637634,36.4614855183152,..,..,..,77.655143737793,60.678,28.9881268675523,5.05812800841309,33.48,99.7650627352206,..,..,97.0016403198242,78430,41.3301594535153,5.762,6.807,89.1010692197218
Romania,2012,100,97.8,..,67.6972717374351,49.1846789850039,28.7879889420106,1.10853915198443,7.0230598449707,..,8.01952585078312,6.32426023483276,18.8535380621476,..,..,83.6885488183393,65.8399963378906,50.903,24.0079855946388,1.92499326240754,16.79,100,..,..,96.2415466308594,2635,30.5213068412277,5.119,6.794,66.6409957785049
Romania,2013,100,98.1,..,..,..,..,1.14531889944112,..,..,7.95696644289845,..,19.8484027857795,..,..,..,66.4599990844727,50.663,24.0166566682959,0.269963878633803,16.43,99.9999994938716,..,..,..,3515,31.3495845403846,5.439,7.096,67.1821834990062
Romania,2014,100,98.4,60.84,..,..,..,6.31735608880099,7.59004020690918,..,7.38359019833843,..,19.0279842710709,0,0,..,62.9799995422363,51.138,24.2972692712734,4.12067496319813,15.95,99.9999996874349,..,..,..,4912,32.4999831186019,5.83,6.802,67.9177325027452
Romania,2015,100,98.8,..,..,..,..,4.64450557622472,8.61025047302246,..,8.17832099493576,7.88606023788452,18.0845148083778,0,0,..,64.6600036621094,50.828,25.3163736226106,3.16050387041089,16.56,100,29.7,99.51149,89.0534133911133,7158,33.0280244427324,4.112,6.812,71.02482867726
Romania,2016,100,99.1,..,79.5326692963043,53.6308287538573,29.5963166032436,2.68003579588365,9.383469581604,..,8.92436205660615,8.94709968566895,21.8519169672564,0,0,81.4360040714998,66.4199981689453,50.552,24.589677874329,2.8575460568877,14.02,100,..,99.54848,87.5895919799805,67411,36.0879033201691,3.126,5.901,73.390982596205
Romania,2017,100,100,57.75,..,..,..,9.00113478695816,10.2105703353882,..,8.88864619461054,9.39772987365723,23.7439493038327,0,0,..,67.4499969482422,52.232,23.5295050126248,8.19650650309624,13.76,100,..,..,87.2723999023438,240048,37.4926405229459,2.422,4.927,74.0498568638638
Romania,2018,100,99.8,..,..,..,..,5.92739005539507,11.0426902770996,..,9.34211576597437,8.44326972961426,32.2116372023027,0,0,..,68.322151184082,52.675,23.4136370811961,6.02901904128214,13.54,100,28.4,..,91.3751220703125,310378,32.1839071955965,2.139,4.187,74.778816417569
Romania,2019,100,100,..,..,..,..,5.8520384936233,11.291540145874,..,10.1990810675071,7.58277988433838,32.9408879843061,0,0,..,69.1800003051758,52.983,24.3318588005617,3.85316383348211,12.92,99.9999996798846,28.4,..,92.6139984130859,371250,31.85529130223,1.57,3.912,75.7718792383085
Romania,2020,100,100,..,..,..,..,-0.420137307515688,..,..,10.3263743113916,8.2678804397583,29.6085255354952,..,..,..,71.0299987792969,52.29,28.3669414654655,-3.67751079121797,16.67,100,28,..,91.9047393798828,411782,31.6953150646916,2.225,5.035,76.2329407300173
Romania,2021,100,100,69.12,..,..,..,3.96198783244164,..,..,8.61977114859705,9.58043956756592,27.6872741682327,..,..,..,72.1699981689453,48.214,27.6513851182644,5.70889455766321,9.47,99.9999977769296,..,..,90.7731704711914,445866,32.7423466827261,2.088,5.59,76.5035106043944
Romania,2022,100,100,..,..,..,..,..,15.8625898361206,..,8.49269725365768,15.6128101348877,24.8465005086459,..,..,..,73.0299987792969,48.921,27.8473244355032,4.10702720241547,10.08,99.9999979732841,..,..,84.8812789916992,471223,37.0964673482237,1.678,5.614,76.7970902435533
Slovakia,2012,100,100,..,..,..,..,2.78601858088012,2.83956003189087,..,7.97466630039857,5.72231006622314,18.7913764638592,..,..,..,85.379997253418,50.945,27.3422364600365,1.31880224556281,21.06,99.3758339104534,..,99.24747,99.1328735351562,1934,35.0444108626762,6.992,13.966,84.5237431545181
Slovakia,2013,100,100,..,..,..,..,0.970302016792758,3.18505001068115,..,7.56089897018663,5.8718900680542,20.1761244465131,..,..,..,85.9599990844727,50.861,26.8922216408237,0.632740007294188,21.46,99.5201692592559,..,99.19979,98.6928482055664,2673,35.952442472893,7.247,14.227,84.4258843105637
Slovakia,2014,100,100,77.24,..,..,..,2.47185494830819,3.6669499874115,..,7.68843525323845,6.34392023086548,20.4525149824171,0,0,..,85.3199996948242,52.817,26.9278098046947,2.69718980707125,23.27,99.7867524786684,..,99.07942,98.5119476318359,3564,37.2160766047648,6.04,11.537,84.8719657227495
Slovakia,2015,100,100,..,..,..,..,3.77628890265062,4.07223987579346,..,7.67578361556107,6.25650978088379,20.090624095309,0,0,..,86.6900024414062,52.816,27.2971256488277,5.16718160614154,24.42,99.7871908255865,31.5,..,98.3121109008789,5795,38.1997337816575,6.041,11.492,84.8427338258202
Slovakia,2016,100,100,..,..,..,..,1.10579791645078,4.25788021087646,..,7.32132188353974,6.69732999801636,21.5819694625865,0,0,..,87.3199996948242,54.261,26.3921811449002,1.94395086102337,24.17,99.7875192022145,..,99.10713,97.6210403442383,17600,38.6046007040388,5.618,9.679,84.5592962375499
Slovakia,2017,100,100,84.18,..,..,..,3.54146869671061,4.47614002227783,..,7.46188333876709,5.94450998306274,21.9099097412081,0,0,..,87.0699996948242,55.086,24.8154511905102,2.93806867784903,26.22,99.7877339706798,..,..,98.2659530639648,37877,37.9076254635903,4.147,8.142,84.844649917561
Slovakia,2018,100,100,..,..,..,..,4.11530706173752,4.57188987731934,..,7.35267808828275,7.00273990631104,22.0210248796186,0,0,..,87.7799987792969,55.9,24.7755883850418,4.03038971425349,23.73,99.7878305127762,31.5,..,97.0244369506836,70772,38.2132370930022,3.073,6.544,85.1582535859075
Slovakia,2019,100,100,..,..,..,..,1.28990088790634,4.57528018951416,..,7.25977679932904,6.00138998031616,23.4779007619706,0,0,..,87.6999969482422,56.256,25.3295630378457,2.51125619776377,22.74,99.7878178521954,31.5,..,97.9945983886719,109581,37.5330020657898,2.517,5.761,84.9426628937282
Slovakia,2020,100,100,..,..,..,..,-3.35919413898296,4.57981014251709,..,7.28797365139008,4.97786998748779,22.0352575119477,..,..,..,89.1387252807617,55.069,29.9357439260337,-3.32972320966405,28.93,99.7877013589871,31.5,..,99.9172286987305,141484,37.5208984071419,3.469,6.719,85.0525096280832
Slovakia,2021,100,100,95.62,..,..,..,2.42951765028181,4.20060014724731,..,7.59887163228419,4.33282995223999,21.9802622070551,..,..,..,89.8135070800781,56.347,30.3843499836455,4.77122142450317,28.66,99.7874584339023,..,..,100.064170837402,170623,39.7322556292511,3.073,6.894,85.0630228995336
Slovakia,2022,100,100,..,..,..,..,..,3.18026995658875,..,7.27279899697618,2.8592700958252,22.4040869806008,..,..,..,90.1811904907227,57.755,27.5312485599527,1.87003619871018,28.32,99.7871080625055,..,..,100.326721191406,200435,38.9207581797358,2.385,6.143,84.9936153973664
Slovenia,2012,100,100,..,..,..,..,-4.96504464422807,2.23275995254517,..,7.5283570351795,1.99038994312286,27.2676726546407,..,..,..,79.1600036621094,52.449,29.9993418525092,-2.63943875676689,29.84,99.5,..,99.73209,98.2142868041992,1990,20.7286251597263,6.441,8.841,83.5798569642432
Slovenia,2013,100,100,..,..,..,..,-0.296930777000497,2.34517002105713,..,8.15850455733114,1.99244999885559,18.7827075643139,..,..,..,79.7799987792969,51.461,40.9040703062651,-1.02928277204056,28.65,99.5,..,99.72762,98.6006774902344,2504,17.6815608469095,6.533,10.103,82.9126669872998
Slovenia,2014,100,100,97.24,..,..,..,4.55872342700152,2.27079010009766,..,10.2605395419742,1.92056000232697,22.6745653887683,0,0,..,80.0899963378906,52.096,32.1318360393229,2.76815883065036,29.55,99.5,..,99.89622,98.5871734619141,3213,19.1581796584995,6.268,9.668,81.2321495229745
Slovenia,2015,100,100,..,..,..,..,0.400047813067545,2.38791990280151,..,11.1521213582355,1.71205997467041,23.37355623072,0,0,..,81.4499969482422,52.18,30.4048545889068,2.21008160650594,28.03,99.5,22.7,99.25425,98.381591796875,4517,21.2715796364887,5.767,8.962,83.2845586859082
Slovenia,2016,100,100,..,..,..,..,5.14552448141391,2.49700999259949,..,11.5630790522057,2.20773005485535,25.7392593616936,0,0,..,81.870002746582,52.068,28.393930680638,3.19185251782498,28.71,99.5,..,99.96649,97.9815826416016,11628,22.7167208119035,6.136,8,85.6852194020336
Slovenia,2017,100,100,97.53,..,..,..,6.36445804504042,1.97534000873566,..,11.5458297083325,2.06335997581482,27.375913117445,0,0,..,82.5599975585938,54.59,26.3651359470581,4.81538063231366,32.22,99.5,..,..,98.1781311035156,40489,23.5951772633868,5.205,6.565,85.1378360353862
Slovenia,2018,100,100,..,..,..,..,5.59762495766476,1.38984000682831,..,10.6882483889617,1.51131999492645,28.2042544357509,0,0,..,82.4642105102539,55.805,25.1578580248865,4.45436574721896,30.04,99.5,22.3,..,99.4630966186523,68476,25.598373290402,3.625,5.108,84.6621325560572
Slovenia,2019,100,100,..,..,..,..,4.1945294353124,1.26306998729706,..,10.6112869811398,1.28426003456116,28.9285834664448,0,0,..,82.9400024414062,55.485,25.037901143723,3.52267923999254,28.88,99.5,22.3,..,99.8418197631836,88819,25.3301995495847,3,4.446,86.2959868154454
Slovenia,2020,100,100,..,..,..,..,-4.27543609810591,1.06429004669189,..,9.52283689786663,0.999339997768402,25.8311416156159,..,..,..,84.5077056884766,54.891,32.1431099407498,-4.24088372175214,30.72,99.5,22,..,100.231536865234,103255,25.6391220481176,3.131,4.971,87.3856439841129
Slovenia,2021,100,100,99.05,..,..,..,7.16178293836589,1.61444997787476,..,9.16603251735785,1.50478005409241,26.4578120844129,..,..,..,86.0022888183594,55.704,30.2267876876355,8.22849988578498,27.93,99.5,..,..,99.7762680053711,116883,28.6807840664643,3.332,4.744,86.8721881850093
Slovenia,2022,100,100,..,..,..,..,..,1.29799997806549,..,9.07114402173714,1.2043399810791,26.4817612983595,..,..,..,86.0007934570312,56.579,27.2276006626704,2.46078331366104,29.82,99.5,..,..,100.639137268066,130661,27.9900742209909,2.653,4.011,86.0271589283871
Spain,2012,100,100,..,..,..,..,-2.58139624474354,2.10597991943359,..,4.53505751255773,2.28696990013123,7.99533764588596,..,..,..,45.5999984741211,44.925,25.876924151201,-2.95892213230024,31,99.9861651953951,..,..,100.473442077637,18879,40.1738012004485,14.984,24.789,82.6919932996888
Spain,2013,100,100,..,..,..,..,-0.79399689346026,2.34656000137329,..,5.33995094763897,2.64211988449097,9.4534981378895,..,..,..,46.8258819580078,43.883,23.0978066518595,-1.40334186790638,31.42,99.9566415144306,..,99.98985,103.107582092285,22766,42.7813606656494,16.566,26.094,82.1331623058705
Spain,2014,100,100,97.58,..,..,..,1.44557170127932,2.62578010559082,..,5.61507541855652,2.84390997886658,9.6501076894176,0,0,..,47.2400016784668,44.55,22.1670759862407,1.39577536727975,30.58,99.926939322694,..,99.87975,102.538467407227,29090,42.6850824187117,14.774,24.441,82.4023886698031
Spain,2015,100,100,..,..,..,..,4.7855597954193,2.85960006713867,..,6.00001242462912,3.03518009185791,10.0861405111123,0,0,..,47.8600006103516,45.853,20.7177124030231,3.83851887667484,30,99.9267263105102,29.7,99.2581,102.144233703613,41316,40.9942188979978,13.374,22.057,82.7157200592916
Spain,2016,100,100,..,..,..,..,3.63450417674846,3.01733994483948,..,6.15140677490154,2.93603992462158,10.2095308901663,0,0,..,48.6500015258789,47.032,19.7939735467777,3.03777414172446,29.26,99.9265022787256,..,99.97225,102.130096435547,128415,40.5316760485472,11.703,19.635,83.0552396528642
Spain,2017,100,100,93.76,..,..,..,2.8056374949368,2.97919988632202,..,6.05560632654632,2.72563004493713,10.1306388503055,0,0,..,49.8653259277344,48.107,18.9508400918028,2.97576072924863,30.83,99.9262844449661,..,..,102.50511932373,337663,40.6146705553988,10.343,17.224,83.5381852992674
Spain,2018,100,100,..,..,..,..,2.30566191723776,2.89783000946045,..,6.04633140039262,2.45879006385803,9.9393934139109,0,0,..,50.4199981689453,49.088,19.1607156652066,2.28446941947622,28.96,99.9260564294656,28.1,..,102.638717651367,528944,42.4161207067699,8.816,15.255,84.0257299064875
Spain,2019,100,100,..,..,..,..,1.95113226617704,2.85303997993469,..,6.09899130680541,2.05715990066528,10.1553968206754,0,0,..,52.1955718994141,49.751,18.894463566418,1.9839662230883,29.99,99.9258382744694,28.1,..,103.185317993164,834027,41.27983368469,8.67,14.105,84.3171298188919
Spain,2020,100,100,..,..,..,..,-12.9430134064186,2.90444993972778,..,5.91090648276954,1.83044004440308,8.84517693240201,..,..,..,53.2599983215332,47.91,24.7690369165602,-11.1672978596983,37.54,99.9256097637963,27.7,..,103.410423278809,1022461,40.9669261469159,9.859,15.532,83.9293205035028
Spain,2021,100,100,98.3,..,..,..,5.76828945342692,2.78277993202209,..,5.78324237360126,1.85924005508423,8.28495937905633,..,..,..,54.9879417419434,49.232,24.8335501394923,6.40317361484541,36.49,99.9253811087183,..,..,102.899139404297,1185347,43.6333072202637,9.368,14.781,84.1440340476362
Spain,2022,100,100,..,..,..,..,..,2.48118996620178,..,5.52036620087101,1.79373002052307,8.34178871127277,..,..,..,55.3492813110352,50.411,23.2780268825151,5.77064767618052,36.46,99.925157573403,..,..,102.445991516113,1292439,46.9214766392884,7.903,12.917,84.6606085787742
Sweden,2012,100,100,..,..,..,..,-0.512824703393008,2.3154399394989,..,..,0.542150020599365,10.1625562556256,..,..,..,79,65.46,29.6813912370702,-0.588304568990736,47.07,99.6338807340891,..,99.93412,99.5537185668945,22775,15.326160040139,4.42,7.976,89.5517856473273
Sweden,2013,100,100,..,..,..,..,1.17328149652218,0.928749978542328,..,..,0.877539992332458,10.2498056622153,..,..,..,73.9199981689453,65.745,30.0515791183704,1.187775715906,47.32,99.6468240649313,..,99.98999,118.135437011719,25830,15.8873535112333,4.438,8.052,89.4095455146576
Sweden,2014,100,100,99.72,..,..,..,2.62589830016901,1.20316004753113,..,..,1.28245997428894,10.2028840057825,55,0,..,74.4700012207031,66.232,29.7471404277274,2.65779827531642,47.75,99.6594134102182,..,99.92545,118.02986907959,30531,17.0991283386293,4.369,7.954,89.6659411039065
Sweden,2015,100,100,..,..,..,..,3.55311681333383,0.807869970798492,..,..,0.801379978656769,10.1266151380047,55,0,..,75.0299987792969,66.65,28.9337091917089,4.48928158790491,48.31,99.6716730402795,27.9,99.63702,119.62419128418,41234,19.1595951068929,4.264,7.432,89.7455208873191
Sweden,2016,100,100,..,..,..,..,1.8518370527334,..,..,5.60558774538325,..,10.293517995802,55,0,..,75.5599975585938,67.054,28.6065715053869,2.07059315052096,45.91,99.6835913395112,..,99.57036,121.448799133301,61582,18.8983100676666,4.035,6.99,90.0104577581701
Sweden,2017,100,100,99.74,..,..,..,3.33064966559174,..,..,5.63519438919293,..,10.3766983810069,55,0,..,76.1500015258789,67.838,28.2425395029809,2.56792452526476,46.84,99.6951860266427,..,..,122.896057128906,136977,19.3982249457691,4.059,6.718,90.1526393347969
Sweden,2018,100,100,..,..,..,..,1.29434364627883,..,..,5.38349189854714,..,10.3027713878848,55,0,..,83.173713684082,68.33,28.3608785358674,1.95002284569983,46.45,99.7064550175558,24.8,..,123.754661560059,189345,18.6828730003362,3.699,6.365,90.287207274459
Sweden,2019,100,100,..,..,..,..,3.46930253613324,0.695050001144409,..,5.65963915420548,0.757759988307953,10.486346354248,55,0,..,77.2600021362305,68.344,27.8973126487365,1.98619587380391,47.62,99.7174099911848,24.8,..,120.596801757812,264047,18.7357367271645,3.72,6.833,90.1593350194632
Sweden,2020,100,100,..,..,..,..,-2.00765811765868,0.561450004577637,..,5.66657186906629,0.683870017528534,9.87742055728763,..,..,..,84.2090759277344,67.212,31.3072164981191,-2.17021317885872,50.3,99.7280724118451,24,..,119.500106811523,338969,18.2160017642617,4.732,8.291,90.0791580351573
Sweden,2021,100,100,99.69,..,..,..,4.68245278652424,0.416570007801056,..,5.66733402694746,0.507719993591309,10.1014988432366,..,..,..,83.1135482788086,60.869,29.645562846506,6.14702464708019,47.04,99.7384457673194,..,..,117.347633361816,402066,20.2685897701332,4.307,8.722,89.856339517131
Sweden,2022,100,100,..,..,..,..,..,0.473150014877319,..,5.64748038510123,0.566910028457642,10.0348922996465,..,..,..,83.9836730957031,62.096,28.6905696694209,2.66319953969133,46.82,99.7388798657575,..,..,116.425392150879,480359,19.8953477814829,3.375,7.392,89.495405600745
