country_name,year,happiness_index,log_gdp_per_capita,social_support,healthy_life_expectancy_at_birth,freedom_to_make_life_choices,generosity,perceptions_of_corruption,positive_affect,negative_affect
Austria,2012,7.400688648223877,10.883644104003906,0.945142388343811,70.0999984741211,0.9197039008140564,0.11211855709552765,0.7705857753753662,0.712149977684021,0.15667499601840973
Austria,2013,7.498802661895752,10.878005027770996,0.949809193611145,70.19999694824219,0.9217344522476196,0.16256439685821533,0.6789368987083435,0.7250531911849976,0.16260331869125366
Austria,2014,6.949999809265137,10.87678050994873,0.898920476436615,70.30000305175781,0.8850268721580505,0.1119244396686554,0.5669313073158264,0.7209653258323669,0.1701495498418808
Austria,2015,7.076447010040283,10.875664710998535,0.9281103014945984,70.4000015258789,0.9003051519393921,0.09321006387472153,0.5574796199798584,0.747707724571228,0.16446903347969055
Austria,2016,7.04807186126709,10.884549140930176,0.9263185858726501,70.5250015258789,0.88851398229599,0.0741286501288414,0.5236409902572632,0.7134508490562439,0.19742384552955627
Austria,2017,7.293727874755859,10.899937629699707,0.9062178134918213,70.6500015258789,0.890030562877655,0.1275908648967743,0.5183038115501404,0.6988893747329712,0.18026871979236603
Austria,2018,7.396001815795898,10.919031143188477,0.9116681218147278,70.7750015258789,0.9041119813919067,0.047986846417188644,0.5230605602264404,0.6946277022361755,0.22605879604816437
Austria,2019,7.195361137390137,10.929644584655762,0.9644888043403625,70.9000015258789,0.9034276604652405,0.0542902834713459,0.4570888876914978,0.7273411154747009,0.20516973733901978
Austria,2020,7.213489055633545,10.858776092529297,0.924831211566925,71.0250015258789,0.9119098782539368,0.004416045732796192,0.4638301730155945,0.7163522839546204,0.20649965107440948
Austria,2021,7.079640865325928,10.898980140686035,0.8629759550094604,71.1500015258789,0.7948459386825562,0.15775805711746216,0.500808596611023,0.7218652367591858,0.259080171585083
Belgium,2012,6.935122013092041,10.783341407775879,0.9271170496940613,69.5199966430664,0.8552666306495667,-0.05606037378311157,0.7575725317001343,0.7181869745254517,0.23827680945396423
Belgium,2013,7.103661060333252,10.783209800720215,0.9091861844062805,69.68000030517578,0.8907110691070557,0.010700806975364685,0.5736643075942993,0.738157331943512,0.21713894605636597
Belgium,2014,6.8553290367126465,10.794432640075684,0.9435491561889648,69.83999633789062,0.8609535098075867,-0.00464719720184803,0.5119757652282715,0.7436781525611877,0.25155705213546753
Belgium,2015,6.904219150543213,10.808846473693848,0.8852088451385498,70.0,0.8694749474525452,0.05621204525232315,0.4687846302986145,0.7471033334732056,0.23995870351791382
Belgium,2016,6.948936462402344,10.816370964050293,0.9289640784263611,70.1500015258789,0.865759015083313,-0.06168225035071373,0.4966591000556946,0.7010933756828308,0.25965338945388794
Belgium,2017,6.928347587585449,10.828584671020508,0.921639084815979,70.30000305175781,0.8568019866943359,0.04865328595042229,0.5430460572242737,0.713402271270752,0.23359769582748413
Belgium,2018,6.892171859741211,10.841803550720215,0.9298155307769775,70.44999694824219,0.8083866238594055,-0.13047930598258972,0.6304118037223816,0.6817125678062439,0.25029733777046204
Belgium,2019,6.7721381187438965,10.858762741088867,0.8842304944992065,70.5999984741211,0.7762036323547363,-0.17797590792179108,0.6724975109100342,0.6990424990653992,0.24363084137439728
Belgium,2020,6.838760852813721,10.799335479736328,0.9035586714744568,70.75,0.7669178247451782,-0.1718907505273819,0.6336267590522766,0.619125485420227,0.2601887881755829
Belgium,2021,6.88175630569458,10.855599403381348,0.9148567914962769,70.9000015258789,0.8225030899047852,0.07735525071620941,0.5233678221702576,0.6865835189819336,0.26003092527389526
Bulgaria,2012,4.222297191619873,9.84753131866455,0.8379666209220886,65.4800033569336,0.6412564516067505,-0.1807703971862793,0.9382086992263794,0.5095552802085876,0.2366328239440918
Bulgaria,2013,3.993020534515381,9.847506523132324,0.8291323184967041,65.62000274658203,0.603213369846344,-0.19914494454860687,0.9620471000671387,0.5367209315299988,0.278313010931015
Bulgaria,2014,4.438439846038818,9.862812995910645,0.8859491944313049,65.76000213623047,0.5755959153175354,-0.06236521154642105,0.9546369314193726,0.5422828793525696,0.23559372127056122
Bulgaria,2015,4.865401268005371,9.902899742126465,0.9075170159339905,65.9000015258789,0.6368178129196167,-0.2070072442293167,0.941279947757721,0.5559516549110413,0.21422383189201355
Bulgaria,2016,4.837560653686523,9.939859390258789,0.9260360598564148,66.0,0.7002655267715454,-0.1768510788679123,0.935988187789917,0.5445662140846252,0.17169985175132751
Bulgaria,2017,5.096901893615723,9.974410057067871,0.9417545795440674,66.0999984741211,0.6890470385551453,-0.16029389202594757,0.9107997417449951,0.5419514775276184,0.18863734602928162
Bulgaria,2018,5.098813533782959,10.008125305175781,0.9238532781600952,66.19999694824219,0.7243359088897705,-0.18206416070461273,0.9520144462585449,0.5539103150367737,0.18909098207950592
Bulgaria,2019,5.108438014984131,10.0547513961792,0.9482043981552124,66.30000305175781,0.8219298720359802,-0.11494727432727814,0.9428064823150635,0.5765827894210815,0.19988831877708435
Bulgaria,2020,5.597723007202148,10.020362854003906,0.9162423610687256,66.4000015258789,0.8182247877120972,-0.0122536551207304,0.9006329774856567,0.6423875093460083,0.22135105729103088
Bulgaria,2021,5.421693325042725,10.102083206176758,0.8836210370063782,66.5,0.8411880731582642,-0.0179043710231781,0.8912484645843506,0.6467598676681519,0.25277671217918396
Croatia,2012,6.027634620666504,10.091986656188965,0.77581787109375,67.54000091552734,0.5419097542762756,-0.24959376454353333,0.9238600134849548,0.5716532468795776,0.27104052901268005
Croatia,2013,5.885462760925293,10.090785026550293,0.7512620687484741,67.66000366210938,0.626699686050415,-0.211284339427948,0.936059832572937,0.5540811419487,0.2847299575805664
Croatia,2014,5.380692481994629,10.090556144714355,0.6456977725028992,67.77999877929688,0.5188780426979065,0.12492571026086807,0.9177351593971252,0.544727087020874,0.28589510917663574
Croatia,2015,5.205438137054443,10.123706817626953,0.7683634161949158,67.9000015258789,0.6935230493545532,-0.10370200127363205,0.8485455513000488,0.570057213306427,0.29401934146881104
Croatia,2016,5.41687536239624,10.165665626525879,0.798332154750824,68.07499694824219,0.671970546245575,-0.07190065085887909,0.8840597867965698,0.5689613819122314,0.3365412652492523
Croatia,2017,5.343165874481201,10.211227416992188,0.7703096866607666,68.25,0.7158222794532776,-0.11183539777994156,0.8915597200393677,0.6182564496994019,0.31648823618888855
Croatia,2018,5.536271095275879,10.247783660888672,0.9098068475723267,68.42500305175781,0.6908556222915649,-0.15832628309726715,0.9254083037376404,0.5123899579048157,0.2903759777545929
Croatia,2019,5.625743865966797,10.28696346282959,0.93598872423172,68.5999984741211,0.7393006086349487,-0.14535610377788544,0.9316146373748779,0.5038063526153564,0.26915451884269714
Croatia,2020,6.507992267608643,10.20158576965332,0.9229134917259216,68.7750015258789,0.8366576433181763,-0.07138796895742416,0.9609392881393433,0.6814067959785461,0.28560975193977356
Croatia,2021,6.286790370941162,10.367008209228516,0.9177415370941162,68.94999694824219,0.8418378829956055,0.0009323216509073973,0.9336503744125366,0.6401486992835999,0.27419716119766235
Republic of Cyprus,2012,6.180507183074951,10.484100341796875,0.7671771049499512,71.12000274658203,0.7246295809745789,0.09176801145076752,0.87069171667099,0.6870852708816528,0.3686329126358032
Republic of Cyprus,2013,5.438952445983887,10.418280601501465,0.744032084941864,71.27999877929688,0.6562679409980774,0.09568224847316742,0.8673104643821716,0.6568310856819153,0.42025870084762573
Republic of Cyprus,2014,5.627123832702637,10.41136646270752,0.7701759934425354,71.44000244140625,0.7150656580924988,0.0535113662481308,0.8682375550270081,0.661480188369751,0.3971729874610901
Republic of Cyprus,2015,5.43916130065918,10.450677871704102,0.7695561051368713,71.5999984741211,0.6280348300933838,0.10745827853679657,0.8927951455116272,0.6599417328834534,0.38310641050338745
Republic of Cyprus,2016,5.794618606567383,10.509756088256836,0.7864384651184082,71.80000305175781,0.7562209963798523,-0.03647814691066742,0.8976395130157471,0.6310487985610962,0.3363446891307831
Republic of Cyprus,2017,6.062051296234131,10.556205749511719,0.8186710476875305,72.0,0.8116706609725952,0.036032535135746,0.8512064218521118,0.6697354316711426,0.30051660537719727
Republic of Cyprus,2018,6.276443004608154,10.59894847869873,0.825573205947876,72.19999694824219,0.7942150235176086,-0.03055599331855774,0.8483372330665588,0.6629883050918579,0.298021137714386
Republic of Cyprus,2019,6.1368327140808105,10.639202117919922,0.7760780453681946,72.4000015258789,0.7400580048561096,-0.017519664019346237,0.8652942180633545,0.6634199619293213,0.29022520780563354
Republic of Cyprus,2020,6.259810447692871,10.583157539367676,0.8055593967437744,72.5999984741211,0.7627823352813721,-0.08616578578948975,0.8162317276000977,0.6708356738090515,0.28352245688438416
Republic of Cyprus,2021,6.26920223236084,10.638118743896484,0.8553572297096252,72.80000305175781,0.7176392674446106,-0.03822578862309456,0.8764560222625732,0.641120970249176,0.2746836245059967
Czech Republic,2012,6.334149360656738,10.42490005493164,0.912426769733429,67.94000244140625,0.7398087382316589,-0.15964005887508392,0.9567996859550476,0.6349714994430542,0.25650814175605774
Czech Republic,2013,6.69765567779541,10.42410945892334,0.8880433440208435,68.05999755859375,0.7259456515312195,-0.1619187593460083,0.915898859500885,0.6562649011611938,0.2526526153087616
Czech Republic,2014,6.483729839324951,10.445425033569336,0.8779152035713196,68.18000030517578,0.8004209995269775,-0.17383690178394318,0.8968806862831116,0.6377720832824707,0.23522056639194489
Czech Republic,2015,6.608017444610596,10.495941162109375,0.9113625884056091,68.30000305175781,0.8084841966629028,-0.15181764960289001,0.886467456817627,0.6893541216850281,0.20608052611351013
Czech Republic,2016,6.735627174377441,10.51907730102539,0.9305928945541382,68.42500305175781,0.850328266620636,-0.2035031020641327,0.9004307389259338,0.7102274894714355,0.20104163885116577
Czech Republic,2017,6.789567947387695,10.566816329956055,0.9009689688682556,68.55000305175781,0.8317855000495911,-0.18311892449855804,0.8665249943733215,0.6722728610038757,0.22664979100227356
Czech Republic,2018,7.034165382385254,10.595166206359863,0.929163932800293,68.67500305175781,0.7901324033737183,-0.29871830344200134,0.8513822555541992,0.6744130849838257,0.1780681014060974
Czech Republic,2020,6.897091388702393,10.562043190002441,0.9640536904335022,68.92500305175781,0.9064220190048218,-0.135277658700943,0.8836995959281921,0.7483424544334412,0.29044169187545776
Czech Republic,2021,6.9424967765808105,10.615072250366211,0.9502267837524414,69.05000305175781,0.8905214667320251,0.15726430714130402,0.8625741004943848,0.7161665558815002,0.23984862864017487
Denmark,2012,7.519909381866455,10.843812942504883,0.9514371752738953,69.83999633789062,0.9326279163360596,0.13286656141281128,0.18740761280059814,0.7827155590057373,0.2085695117712021
Denmark,2013,7.588606834411621,10.848934173583984,0.9647079706192017,70.05999755859375,0.920254647731781,0.20889675617218018,0.17004217207431793,0.8256011605262756,0.1946737915277481
Denmark,2014,7.507559299468994,10.859928131103516,0.9563443064689636,70.27999877929688,0.9415722489356995,0.11213824152946472,0.23721833527088165,0.7798677682876587,0.23261277377605438
Denmark,2015,7.514424800872803,10.876019477844238,0.9597012996673584,70.5,0.9414364099502563,0.21617953479290009,0.19101639091968536,0.8014328479766846,0.21757757663726807
Denmark,2016,7.5577826499938965,10.90015983581543,0.9544515013694763,70.625,0.9482305645942688,0.1318957358598709,0.2098933756351471,0.7860076427459717,0.20758342742919922
Denmark,2017,7.59370231628418,10.921552658081055,0.9521000981330872,70.75,0.9554163217544556,0.14896969497203827,0.18114756047725677,0.778525173664093,0.20577530562877655
Denmark,2018,7.648785591125488,10.936294555664062,0.9582188725471497,70.875,0.935437798500061,0.011810150928795338,0.15060743689537048,0.7730328440666199,0.20605280995368958
Denmark,2019,7.693003177642822,10.947537422180176,0.9577063918113708,71.0,0.963318407535553,0.014690911397337914,0.17415058612823486,0.7968595027923584,0.18107062578201294
Denmark,2020,7.514631271362305,10.924473762512207,0.9473713636398315,71.125,0.9379318356513977,0.04517029598355293,0.2138417512178421,0.7525736689567566,0.2271018922328949
Denmark,2021,7.698747158050537,10.967554092407227,0.9449267387390137,71.25,0.9334392547607422,0.12983427941799164,0.17268094420433044,0.7918907999992371,0.20642220973968506
Estonia,2012,5.363927841186523,10.274958610534668,0.8894545435905457,67.45999908447266,0.6968257427215576,-0.19720862805843353,0.7928526997566223,0.6270431280136108,0.19896674156188965
Estonia,2013,5.367445945739746,10.292996406555176,0.9007217884063721,67.73999786376953,0.7535586953163147,-0.20627324283123016,0.7263563871383667,0.6505120992660522,0.19901816546916962
Estonia,2014,5.55598258972168,10.325288772583008,0.9171017408370972,68.0199966430664,0.773327112197876,-0.15847612917423248,0.6524474620819092,0.6196213960647583,0.2034391164779663
Estonia,2015,5.628908634185791,10.34299373626709,0.9179296493530273,68.30000305175781,0.8146923780441284,-0.16920073330402374,0.5687344670295715,0.6487849354743958,0.18269477784633636
Estonia,2016,5.649675369262695,10.373770713806152,0.9377151131629944,68.5250015258789,0.8427706956863403,-0.15494193136692047,0.6390852928161621,0.6568225622177124,0.1768692582845688
Estonia,2017,5.938395977020264,10.428864479064941,0.9356863498687744,68.75,0.8617492318153381,-0.10656443983316422,0.6684022545814514,0.7400963306427002,0.16016410291194916
Estonia,2018,6.091302394866943,10.462528228759766,0.9326937794685364,68.9749984741211,0.8856183886528015,-0.14661718904972076,0.6206779479980469,0.7302648425102234,0.1631821095943451
Estonia,2019,6.034641265869141,10.495527267456055,0.9340643286705017,69.19999694824219,0.8865043520927429,-0.10059057921171188,0.5757541656494141,0.7384289503097534,0.15627901256084442
Estonia,2020,6.452563762664795,10.48802661895752,0.9577704668045044,69.42500305175781,0.9542005658149719,-0.09033530950546265,0.39783477783203125,0.7616904377937317,0.1876794993877411
Estonia,2021,6.553915500640869,10.564051628112793,0.9458650350570679,69.6500015258789,0.9258183240890503,0.04551992192864418,0.44142577052116394,0.760608434677124,0.17625804245471954
Finland,2012,7.4202094078063965,10.735358238220215,0.9277393817901611,70.04000091552734,0.9209681153297424,-0.0070867338217794895,0.3607339560985565,0.74223393201828,0.20165443420410156
Finland,2013,7.44463586807251,10.72169303894043,0.9408690929412842,70.26000213623047,0.9186253547668457,0.03354348614811897,0.3057704567909241,0.7516428828239441,0.19467255473136902
Finland,2014,7.384571075439453,10.71390151977539,0.9520165324211121,70.4800033569336,0.9330439567565918,-0.0068079205229878426,0.2654798924922943,0.7664982080459595,0.19881388545036316
Finland,2015,7.447925567626953,10.716029167175293,0.9478005766868591,70.69999694824219,0.9298619031906128,0.10523997247219086,0.22336965799331665,0.7364262342453003,0.19105759263038635
Finland,2016,7.659843444824219,10.74088191986084,0.9539404511451721,70.7750015258789,0.9483721852302551,-0.032876525074243546,0.24965956807136536,0.7688056826591492,0.18199844658374786
Finland,2017,7.788251876831055,10.769960403442383,0.9638264179229736,70.8499984741211,0.9621989727020264,-0.008309740573167801,0.19241277873516083,0.7558576464653015,0.17606578767299652
Finland,2018,7.858107089996338,10.779966354370117,0.9621550440788269,70.92500305175781,0.9378073811531067,-0.13321293890476227,0.19860483705997467,0.7488264441490173,0.1817806512117386
Finland,2019,7.78034782409668,10.791037559509277,0.9374155402183533,71.0,0.947616696357727,-0.057517919689416885,0.1953384280204773,0.7322823405265808,0.1807328760623932
Finland,2020,7.889349937438965,10.765769958496094,0.9616207480430603,71.07499694824219,0.9624236822128296,-0.12266619503498077,0.16363589465618134,0.7479390501976013,0.19289757311344147
Finland,2021,7.79437780380249,10.793706893920898,0.9702892899513245,71.1500015258789,0.9631898403167725,-0.039150938391685486,0.19175365567207336,0.7516117095947266,0.17544862627983093
France,2012,6.649365425109863,10.664037704467773,0.937097430229187,71.4000015258789,0.8413203358650208,-0.1547306925058365,0.6079052686691284,0.7054621577262878,0.2529880106449127
France,2013,6.667121410369873,10.664618492126465,0.9076908230781555,71.5,0.8777957558631897,-0.130178764462471,0.6990693807601929,0.7410864233970642,0.20496968924999237
France,2014,6.466867923736572,10.669452667236328,0.8775045275688171,71.5999984741211,0.8034741878509521,-0.12376633286476135,0.6556374430656433,0.7586711049079895,0.21589383482933044
France,2015,6.3576250076293945,10.67696475982666,0.8957194089889526,71.69999694824219,0.8170362114906311,-0.1449432522058487,0.6406020522117615,0.7404272556304932,0.21540027856826782
France,2016,6.475208759307861,10.685220718383789,0.8849229216575623,71.80000305175781,0.7867804765701294,-0.09696164727210999,0.6226970553398132,0.7149360775947571,0.2700362503528595
France,2017,6.635222434997559,10.704975128173828,0.9314945936203003,71.9000015258789,0.8338901400566101,-0.12905699014663696,0.6014860272407532,0.7158063054084778,0.24198393523693085
France,2018,6.665903568267822,10.719868659973145,0.9214630722999573,72.0,0.8163772225379944,-0.1434064358472824,0.5817753076553345,0.7053083777427673,0.2824513614177704
France,2019,6.6896443367004395,10.734716415405273,0.9583480954170227,72.0999984741211,0.8272408246994019,-0.1387930065393448,0.5682722926139832,0.692844808101654,0.25041553378105164
France,2020,6.714111804962158,10.650960922241211,0.9473540186882019,72.19999694824219,0.8233863115310669,-0.17551392316818237,0.5646405816078186,0.6896242499351501,0.23095043003559113
France,2021,6.6562066078186035,10.714264869689941,0.9145975112915039,72.30000305175781,0.8369176983833313,-0.10408716648817062,0.5608129501342773,0.6846013069152832,0.26841744780540466
Germany,2012,6.702362060546875,10.81722354888916,0.9264066219329834,70.04000091552734,0.9044404625892639,0.0648575872182846,0.6792367100715637,0.6990493535995483,0.16957616806030273
Germany,2013,6.96512508392334,10.81886100769043,0.9314205646514893,70.05999755859375,0.8943129777908325,0.018139302730560303,0.5657942295074463,0.6931337714195251,0.20499591529369354
Germany,2014,6.9842143058776855,10.8365478515625,0.9375589489936829,70.08000183105469,0.8986834287643433,0.08171439170837402,0.47395291924476624,0.7389421463012695,0.1878448724746704
Germany,2015,7.037137508392334,10.84269905090332,0.925923228263855,70.0999984741211,0.8894288539886475,0.1716277301311493,0.4121682941913605,0.7223848104476929,0.20270515978336334
Germany,2016,6.873763084411621,10.856682777404785,0.9060292840003967,70.30000305175781,0.8705150485038757,0.14228937029838562,0.4459221363067627,0.7093761563301086,0.18725493550300598
Germany,2017,7.074324607849121,10.87939453125,0.8921660780906677,70.5,0.8407278656959534,0.13898365199565887,0.41402119398117065,0.7071136832237244,0.19643481075763702
Germany,2018,7.118364334106445,10.886154174804688,0.9197631478309631,70.69999694824219,0.8768875002861023,0.02817559987306595,0.4956739544868469,0.7401749491691589,0.24321457743644714
Germany,2019,7.035472393035889,10.8944091796875,0.8856673240661621,70.9000015258789,0.884751558303833,0.05094149708747864,0.4622551500797272,0.7124611139297485,0.22617121040821075
Germany,2020,7.3118977546691895,10.855923652648926,0.9050804972648621,71.0999984741211,0.8643560409545898,-0.0677168145775795,0.4240887761116028,0.6982660889625549,0.20592711865901947
Germany,2021,6.754523754119873,10.881431579589844,0.8675825595855713,71.30000305175781,0.778439998626709,0.07367802411317825,0.4175819158554077,0.7033330202102661,0.25119468569755554
Greece,2012,5.096354007720947,10.25141429901123,0.8121411204338074,70.16000366210938,0.3726104199886322,-0.30957627296447754,0.9589089751243591,0.5444107055664062,0.3515062928199768
Greece,2013,4.720251083374023,10.233183860778809,0.6866500377655029,70.23999786376953,0.4259665310382843,-0.27723783254623413,0.9413098692893982,0.5708364248275757,0.48218315839767456
Greece,2014,4.756237030029297,10.244590759277344,0.8323332071304321,70.31999969482422,0.3691563308238983,-0.29294174909591675,0.9302138090133667,0.5970151424407959,0.3854333162307739
Greece,2015,5.622519016265869,10.249216079711914,0.8348246812820435,70.4000015258789,0.5317363142967224,-0.27716487646102905,0.8239596486091614,0.6365904211997986,0.2774125337600708
Greece,2016,5.302619457244873,10.248492240905762,0.8026058673858643,70.5250015258789,0.4816168546676636,-0.26513397693634033,0.8984708189964294,0.5938278436660767,0.3362075090408325
Greece,2017,5.1482415199279785,10.261331558227539,0.7528995275497437,70.6500015258789,0.4383000135421753,-0.29474079608917236,0.8722394704818726,0.5159084796905518,0.3328307569026947
Greece,2018,5.409289360046387,10.2799072265625,0.7935007810592651,70.7750015258789,0.5644556879997253,-0.3395468294620514,0.8603023886680603,0.5636278390884399,0.2550065815448761
Greece,2019,5.952157497406006,10.299629211425781,0.8908095359802246,70.9000015258789,0.6135841012001038,-0.2931655943393707,0.8480038046836853,0.5597583651542664,0.23594646155834198
Greece,2020,5.787615776062012,10.207419395446777,0.7785365581512451,71.0250015258789,0.5646136403083801,-0.24616412818431854,0.7643245458602905,0.6293821334838867,0.32168421149253845
Greece,2021,6.104214191436768,10.29377269744873,0.8503261804580688,71.1500015258789,0.574029803276062,-0.16070719063282013,0.7518168687820435,0.6235564947128296,0.3108518719673157
Hungary,2012,4.683358192443848,10.119257926940918,0.9061139822006226,66.12000274658203,0.5692315101623535,-0.1420387476682663,0.930297315120697,0.5819487571716309,0.3153980076313019
Hungary,2013,4.914466857910156,10.139876365661621,0.8773183226585388,66.27999877929688,0.6737282872200012,-0.11878498643636703,0.9115331768989563,0.6466063261032104,0.3067241311073303
Hungary,2014,5.180563449859619,10.18402099609375,0.8447352647781372,66.44000244140625,0.49447470903396606,-0.1556605100631714,0.8553614020347595,0.5779167413711548,0.23761963844299316
Hungary,2015,5.344383239746094,10.22280216217041,0.8587338328361511,66.5999984741211,0.5577213764190674,-0.20365004241466522,0.9075303077697754,0.649912416934967,0.2445363849401474
Hungary,2016,5.448901653289795,10.24752426147461,0.8995115756988525,66.75,0.5539517402648926,-0.1927042305469513,0.9241858124732971,0.5899617075920105,0.24332576990127563
Hungary,2017,6.065038681030273,10.292015075683594,0.8767475485801697,66.9000015258789,0.6611659526824951,-0.145132914185524,0.886361300945282,0.6436054706573486,0.180921271443367
Hungary,2018,5.9357709884643555,10.345518112182617,0.9405913949012756,67.05000305175781,0.6926270723342896,-0.2486373633146286,0.9112774133682251,0.5946771502494812,0.20108288526535034
Hungary,2019,6.000259876251221,10.39346694946289,0.9465155601501465,67.19999694824219,0.798041045665741,-0.20087893307209015,0.883571445941925,0.6528927683830261,0.18034812808036804
Hungary,2020,6.038049697875977,10.349202156066895,0.9434003829956055,67.3499984741211,0.7709680795669556,-0.1273200809955597,0.8361051082611084,0.6616453528404236,0.24005194008350372
Hungary,2021,6.226647853851318,10.42286491394043,0.9478921294212341,67.5,0.7274899482727051,-0.04610445722937584,0.8315553665161133,0.6681486368179321,0.19194917380809784
Ireland,2012,6.9646453857421875,10.889922142028809,0.9617859125137329,70.33999633789062,0.9021945595741272,0.29517221450805664,0.5726322531700134,0.7213983535766602,0.23666156828403473
Ireland,2013,6.760085105895996,10.895851135253906,0.9551883339881897,70.45999908447266,0.8837720155715942,0.32450318336486816,0.558394193649292,0.744001567363739,0.2452678233385086
Ireland,2014,7.018379211425781,10.97149658203125,0.9677446484565735,70.58000183105469,0.9216295480728149,0.2566363513469696,0.40603625774383545,0.7360910773277283,0.22872304916381836
Ireland,2015,6.830125331878662,11.180142402648926,0.9529425501823425,70.69999694824219,0.89227694272995,0.22598454356193542,0.40875691175460815,0.7482663989067078,0.22534924745559692
Ireland,2016,7.040731430053711,11.188721656799316,0.9581440091133118,70.80000305175781,0.8745891451835632,0.16881060600280762,0.3985443115234375,0.744257926940918,0.21106331050395966
Ireland,2017,7.060155391693115,11.26406192779541,0.943481981754303,70.9000015258789,0.9053411483764648,0.21042630076408386,0.33708474040031433,0.7712081074714661,0.21278412640094757
Ireland,2018,6.962335586547852,11.33350658416748,0.9378623962402344,71.0,0.8614715933799744,0.1378890872001648,0.3622102439403534,0.7536033391952515,0.21305006742477417
Ireland,2019,7.254841327667236,11.372811317443848,0.9437263607978821,71.0999984741211,0.8924586772918701,0.06726673990488052,0.37280356884002686,0.7584224939346313,0.22329986095428467
Ireland,2020,7.03493070602417,11.422528266906738,0.9603110551834106,71.19999694824219,0.8820982575416565,0.00045625134953297675,0.3556327223777771,0.7526087760925293,0.24644726514816284
Ireland,2021,6.8276519775390625,11.540399551391602,0.849838137626648,71.30000305175781,0.8463441133499146,0.13115139305591583,0.36042338609695435,0.7327337265014648,0.24521057307720184
Italy,2012,5.839313983917236,10.633489608764648,0.8694866299629211,71.30000305175781,0.5700949430465698,0.10718102753162384,0.9083236455917358,0.6514341235160828,0.3876522481441498
Italy,2013,6.009373664855957,10.603315353393555,0.9162960648536682,71.4000015258789,0.4991687536239624,-0.10793859511613846,0.9426392912864685,0.7018231749534607,0.35661619901657104
Italy,2014,6.026585102081299,10.594094276428223,0.897899329662323,71.5,0.6235312223434448,-0.07051663100719452,0.919959545135498,0.6587449312210083,0.35601961612701416
Italy,2015,5.847683906555176,10.602810859680176,0.908986508846283,71.5999984741211,0.5747657418251038,-0.06984904408454895,0.9127530455589294,0.6461016535758972,0.3292090892791748
Italy,2016,5.954524040222168,10.617362022399902,0.9272128343582153,71.67500305175781,0.623741626739502,-0.08618735522031784,0.9028012156486511,0.6324813365936279,0.3391735851764679
Italy,2017,6.1988701820373535,10.635401725769043,0.9197912216186523,71.75,0.6328432559967041,-0.04070534184575081,0.8666679263114929,0.6128391623497009,0.3228461444377899
Italy,2018,6.516526699066162,10.646517753601074,0.9126561284065247,71.82499694824219,0.650009274482727,-0.026956474408507347,0.8878248333930969,0.5979762077331543,0.4029753506183624
Italy,2019,6.4454169273376465,10.66286849975586,0.8384024500846863,71.9000015258789,0.7094788551330566,-0.08811698853969574,0.8655280470848083,0.5688936114311218,0.3279600739479065
Italy,2020,6.488356113433838,10.573657989501953,0.8898240327835083,71.9749984741211,0.7181554436683655,-0.1567099392414093,0.8440945744514465,0.6138409376144409,0.3110021650791168
Italy,2021,6.466744899749756,10.646746635437012,0.8855336308479309,72.05000305175781,0.7028452157974243,-0.09614687412977219,0.8623175024986267,0.6342868208885193,0.318436861038208
Latvia,2012,5.125025272369385,10.084577560424805,0.851195216178894,64.9000015258789,0.5638117790222168,-0.04376816004514694,0.8949793577194214,0.5881388187408447,0.23222452402114868
Latvia,2013,5.069770336151123,10.115168571472168,0.834022581577301,65.19999694824219,0.6305075287818909,-0.07871425896883011,0.8365536332130432,0.6046369075775146,0.2274494171142578
Latvia,2014,5.7291154861450195,10.143428802490234,0.8812555074691772,65.5,0.6706531643867493,-0.04879751056432724,0.8036875128746033,0.604619026184082,0.22597937285900116
Latvia,2015,5.8805975914001465,10.18973159790039,0.8793724179267883,65.80000305175781,0.6563931703567505,-0.08362727612257004,0.8084003925323486,0.5592708587646484,0.22813718020915985
Latvia,2016,5.940446376800537,10.222280502319336,0.9170739650726318,65.9000015258789,0.685299277305603,-0.16303370893001556,0.8676396012306213,0.5832885503768921,0.2313835322856903
Latvia,2017,5.977817535400391,10.263731002807617,0.8950987458229065,66.0,0.6995201110839844,-0.16080741584300995,0.7983781099319458,0.5648548007011414,0.23175311088562012
Latvia,2018,5.901154041290283,10.310664176940918,0.9132763147354126,66.0999984741211,0.608207643032074,-0.21849003434181213,0.7989492416381836,0.5205519199371338,0.1918705552816391
Latvia,2019,5.969753742218018,10.342988967895508,0.9355012774467468,66.19999694824219,0.6979351043701172,-0.20037057995796204,0.7892274856567383,0.5373051166534424,0.2116306871175766
Latvia,2020,6.229008674621582,10.327725410461426,0.9280121922492981,66.30000305175781,0.8201116919517517,-0.08557433634996414,0.808821976184845,0.6735737323760986,0.20158237218856812
Latvia,2021,6.353090763092041,10.375994682312012,0.954086422920227,66.4000015258789,0.8152781128883362,-0.10393941402435303,0.8395253419876099,0.7164140343666077,0.18593426048755646
Lithuania,2012,5.7710371017456055,10.21577262878418,0.9186901450157166,64.69999694824219,0.5030271410942078,-0.2789515256881714,0.9569592475891113,0.5565528869628906,0.27738556265830994
Lithuania,2013,5.595689296722412,10.260778427124023,0.9125141501426697,64.9000015258789,0.5558152794837952,-0.24235761165618896,0.9363355040550232,0.5395112037658691,0.2937287390232086
Lithuania,2014,6.125723838806152,10.3041353225708,0.9082398414611816,65.0999984741211,0.5079472064971924,-0.26921573281288147,0.9563478827476501,0.5649307370185852,0.28691068291664124
Lithuania,2015,5.71137809753418,10.333586692810059,0.9285235404968262,65.30000305175781,0.641470193862915,-0.2594161331653595,0.9241740703582764,0.5336416959762573,0.2764516770839691
Lithuania,2016,5.8655524253845215,10.371170043945312,0.937873363494873,65.6500015258789,0.6142393350601196,-0.27209630608558655,0.9493926763534546,0.552628219127655,0.24985574185848236
Lithuania,2017,6.272940635681152,10.427087783813477,0.9263166189193726,66.0,0.7493073344230652,-0.17937226593494415,0.7897098660469055,0.5901115536689758,0.19511882960796356
Lithuania,2018,6.3088788986206055,10.475785255432129,0.9293501377105713,66.3499984741211,0.6989451050758362,-0.24273402988910675,0.851745069026947,0.5180925130844116,0.21355971693992615
Lithuania,2019,6.064097881317139,10.523646354675293,0.9175775051116943,66.69999694824219,0.7802664637565613,-0.2578444182872772,0.782501220703125,0.5680496096611023,0.27605435252189636
Lithuania,2020,6.391378879547119,10.523158073425293,0.952544093132019,67.05000305175781,0.8240605592727661,-0.129142627120018,0.829204797744751,0.6263457536697388,0.20191200077533722
Lithuania,2021,6.864572525024414,10.579117774963379,0.9281752109527588,67.4000015258789,0.7074025273323059,-0.12120164930820465,0.8778007626533508,0.6669933199882507,0.19130076467990875
Luxembourg,2012,6.964097023010254,11.627477645874023,0.9139077067375183,70.9000015258789,0.9165209531784058,0.04804858937859535,0.40275320410728455,0.7255998253822327,0.22741171717643738
Luxembourg,2013,7.130809307098389,11.635591506958008,0.9166832566261292,71.0999984741211,0.7896554470062256,-0.06453512609004974,0.300811767578125,0.6007605195045471,0.18479998409748077
Luxembourg,2014,6.891127109527588,11.637914657592773,0.875469446182251,71.30000305175781,0.9379876852035522,0.09671484678983688,0.3662867844104767,0.7602542638778687,0.1704093962907791
Luxembourg,2015,6.701571464538574,11.636758804321289,0.9336045980453491,71.5,0.9322564005851746,0.044370703399181366,0.3753904700279236,0.7278779149055481,0.1930503398180008
Luxembourg,2016,6.96734094619751,11.663787841796875,0.941260576248169,71.5250015258789,0.882365345954895,0.010685492306947708,0.3563363254070282,0.7064987421035767,0.1923007071018219
Luxembourg,2017,7.061380863189697,11.65256404876709,0.9054355025291443,71.55000305175781,0.9028217196464539,0.03643442690372467,0.3301735818386078,0.7257317900657654,0.18446700274944305
Luxembourg,2018,7.242630958557129,11.645395278930664,0.9021924138069153,71.57499694824219,0.8839298486709595,-0.028108088299632072,0.3851461112499237,0.7146942615509033,0.2018943428993225
Luxembourg,2019,7.40401554107666,11.648701667785645,0.9121045470237732,71.5999984741211,0.930321216583252,-0.05140780285000801,0.38959842920303345,0.7417380809783936,0.21163980662822723
Malta,2012,5.96287202835083,10.43333911895752,0.9217520356178284,70.76000213623047,0.8606898784637451,0.3430950939655304,,0.638694703578949,0.39050397276878357
Malta,2013,6.379924774169922,10.472583770751953,0.9422314167022705,70.94000244140625,0.9094362854957581,0.40047433972358704,,0.6290108561515808,0.3695581257343292
Malta,2014,6.452117919921875,10.526174545288086,0.9412158727645874,71.12000274658203,0.9039366245269775,0.39518117904663086,0.6696453094482422,0.6056559085845947,0.3520655930042267
Malta,2015,6.613394260406494,10.594051361083984,0.9187648892402649,71.30000305175781,0.9121780395507812,0.3390161097049713,0.663886308670044,0.6405342221260071,0.355040580034256
Malta,2016,6.590842247009277,10.60441780090332,0.9303693771362305,71.3499984741211,0.9160236120223999,0.3390518128871918,0.6964946389198303,0.6448318958282471,0.3554437756538391
Malta,2017,6.675665855407715,10.680718421936035,0.9373317956924438,71.4000015258789,0.9236429333686829,0.2435307502746582,0.6904945373535156,0.6659435629844666,0.30244311690330505
Malta,2018,6.909710884094238,10.705389022827148,0.9315415024757385,71.44999694824219,0.9273406863212585,0.17025582492351532,0.5951998829841614,0.6661304235458374,0.29569879174232483
Malta,2019,6.732977390289307,10.733817100524902,0.9215785264968872,71.5,0.9239668250083923,0.07709409296512604,0.6894105672836304,0.6416776180267334,0.35624393820762634
Malta,2020,6.156822681427002,10.621644020080566,0.9379202723503113,71.55000305175781,0.9306004643440247,-0.00528660649433732,0.674626350402832,0.5760419368743896,0.41091322898864746
Malta,2021,6.4437150955200195,10.727039337158203,0.8971130847930908,71.5999984741211,0.8890738487243652,0.23852472007274628,0.7525159120559692,0.6352535486221313,0.37532511353492737
Netherlands,2012,7.470715522766113,10.856304168701172,0.9388846755027771,70.9800033569336,0.8771186470985413,0.28238627314567566,0.4337537884712219,0.7528684139251709,0.22628986835479736
Netherlands,2013,7.406550407409668,10.85205364227295,0.924705445766449,71.0199966430664,0.9189958572387695,0.2987975776195526,0.5045299530029297,0.7646982669830322,0.23544321954250336
Netherlands,2014,7.321188449859619,10.862588882446289,0.9089957475662231,71.05999755859375,0.910179615020752,0.32557573914527893,0.4569483697414398,0.7756128907203674,0.22065652906894684
Netherlands,2015,7.324437141418457,10.877558708190918,0.8790104389190674,71.0999984741211,0.9039787650108337,0.2557072341442108,0.411822110414505,0.7423878312110901,0.20212863385677338
Netherlands,2016,7.540877342224121,10.893917083740234,0.9259442090988159,71.17500305175781,0.9073100090026855,0.23291949927806854,0.4333042502403259,0.7370073795318604,0.21485073864459991
Netherlands,2017,7.458965301513672,10.916698455810547,0.9365013241767883,71.25,0.9203197360038757,0.2446882426738739,0.36313363909721375,0.7291611433029175,0.18451984226703644
Netherlands,2018,7.463097095489502,10.934194564819336,0.9394431710243225,71.32499694824219,0.9199851751327515,0.15589627623558044,0.3705577850341797,0.747976541519165,0.20479418337345123
Netherlands,2019,7.425268650054932,10.94701099395752,0.9414774775505066,71.4000015258789,0.885592520236969,0.2068854719400406,0.36006811261177063,0.7281644344329834,0.23050227761268616
Netherlands,2020,7.504447937011719,10.901819229125977,0.9439561367034912,71.4749984741211,0.9345226287841797,0.14512154459953308,0.2806045114994049,0.6906580924987793,0.2465113252401352
Netherlands,2021,7.314151287078857,10.944070816040039,0.9187594056129456,71.55000305175781,0.8562934398651123,0.26562929153442383,0.39657288789749146,0.7143533229827881,0.20115916430950165
Poland,2012,5.875931739807129,10.136921882629395,0.9359238743782043,67.45999908447266,0.8113017082214355,-0.0315212644636631,0.8878958225250244,0.7108924984931946,0.26674678921699524
Poland,2013,5.746131896972656,10.1460542678833,0.9119349122047424,67.63999938964844,0.7759313583374023,-0.14177122712135315,0.9156774282455444,0.6748650670051575,0.24198095500469208
Poland,2014,5.750282287597656,10.184454917907715,0.9236422777175903,67.81999969482422,0.8753570914268494,-0.0691915825009346,0.8977417349815369,0.6810146570205688,0.22264374792575836
Poland,2015,6.007021903991699,10.228020668029785,0.8930904269218445,68.0,0.7934621572494507,-0.0983688235282898,0.8100963234901428,0.6306267976760864,0.2404320389032364
Poland,2016,6.162076473236084,10.25755786895752,0.9173988103866577,68.17500305175781,0.8707075119018555,-0.09622209519147873,0.8477539420127869,0.6655380129814148,0.22353604435920715
Poland,2017,6.201268196105957,10.30755615234375,0.8818541169166565,68.3499984741211,0.8308426141738892,-0.12720124423503876,0.63947993516922,0.5658546686172485,0.2033877968788147
Poland,2018,6.111485004425049,10.365309715270996,0.8634442090988159,68.5250015258789,0.870215117931366,-0.26029863953590393,0.7204513549804688,0.6221758723258972,0.1760106235742569
Poland,2019,6.242094039916992,10.409092903137207,0.8782682418823242,68.69999694824219,0.882885754108429,-0.23680730164051056,0.6960573792457581,0.6128474473953247,0.16808968782424927
Poland,2020,6.139455318450928,10.390435218811035,0.9531717300415039,68.875,0.7674286961555481,-0.013857034035027027,0.7868736386299133,0.6773961186408997,0.32893791794776917
Poland,2021,5.978068828582764,10.460687637329102,0.9355348348617554,69.05000305175781,0.7318055629730225,0.12195180356502533,0.7439131736755371,0.6995754837989807,0.27723127603530884
Portugal,2012,4.993962287902832,10.314162254333496,0.8660386204719543,69.77999877929688,0.7738214135169983,-0.10290049016475677,0.9592884182929993,0.631479799747467,0.3701699674129486
Portugal,2013,5.157688140869141,10.310380935668945,0.8671808242797852,70.0199966430664,0.7880327701568604,-0.1242578849196434,0.9462573528289795,0.6647236347198486,0.3478981554508209
Portugal,2014,5.126911640167236,10.323663711547852,0.8618294596672058,70.26000213623047,0.8468101024627686,-0.1322190761566162,0.9410700798034668,0.663038432598114,0.35769227147102356
Portugal,2015,5.08086633682251,10.345566749572754,0.866213858127594,70.5,0.8004403114318848,-0.16892798244953156,0.9410507678985596,0.6291592717170715,0.37073686718940735
Portugal,2016,5.446637153625488,10.368715286254883,0.9046353697776794,70.625,0.8380693197250366,-0.2311152219772339,0.922192394733429,0.6591485738754272,0.3262527287006378
Portugal,2017,5.711499214172363,10.405616760253906,0.8999848365783691,70.75,0.905065655708313,-0.18171419203281403,0.8809705376625061,0.6078932285308838,0.2942725718021393
Portugal,2018,5.919822692871094,10.43531322479248,0.8871132731437683,70.875,0.8774042129516602,-0.2673633098602295,0.879727840423584,0.6457319855690002,0.31799474358558655
Portugal,2019,6.095473289489746,10.461549758911133,0.8760825991630554,71.0,0.8823511004447937,-0.24010364711284637,0.9151656031608582,0.6753135323524475,0.29987475275993347
Portugal,2020,5.767792224884033,10.373845100402832,0.8749903440475464,71.125,0.9131307601928711,-0.24422603845596313,0.8671571612358093,0.6137492060661316,0.3828126788139343
Portugal,2021,6.183014392852783,10.424690246582031,0.8949416875839233,71.25,0.8921211361885071,-0.2113703489303589,0.8722293376922607,0.6287481188774109,0.28400683403015137
Romania,2012,5.166874885559082,9.99666976928711,0.7400431036949158,65.76000213623047,0.6445361375808716,-0.11956876516342163,0.9594861268997192,0.519568145275116,0.34261462092399597
Romania,2013,5.081584453582764,10.00307846069336,0.77755206823349,65.94000244140625,0.6545421481132507,-0.13499057292938232,0.9518435597419739,0.540932297706604,0.32861948013305664
Romania,2014,5.726893424987793,10.047204971313477,0.752941370010376,66.12000274658203,0.7542355060577393,-0.10671983659267426,0.9583247303962708,0.564956545829773,0.3306877315044403
Romania,2015,5.777491092681885,10.08302116394043,0.7869673371315002,66.30000305175781,0.7958477139472961,-0.14705564081668854,0.9616509675979614,0.6270884871482849,0.31157416105270386
Romania,2016,5.968870639801025,10.11693286895752,0.8092291951179504,66.42500305175781,0.8217206001281738,-0.11975954473018646,0.9490445256233215,0.6074397563934326,0.25776350498199463
Romania,2017,6.08990478515625,10.201491355895996,0.8112401366233826,66.55000305175781,0.838586688041687,-0.16500210762023926,0.9256580471992493,0.6321106553077698,0.2308361977338791
Romania,2018,6.15087890625,10.265909194946289,0.8179304599761963,66.67500305175781,0.8451595902442932,-0.223677396774292,0.921170175075531,0.6488659977912903,0.2984539270401001
Romania,2019,6.129942417144775,10.308985710144043,0.841905951499939,66.80000305175781,0.8475431799888611,-0.22754132747650146,0.9541307091712952,0.6049404740333557,0.24365922808647156
Romania,2020,6.785142421722412,10.277024269104004,0.8690088391304016,66.92500305175781,0.8633052706718445,-0.1609233319759369,0.9176914095878601,0.6677868962287903,0.2557063698768616
Romania,2021,6.548725605010986,10.34091567993164,0.8345091342926025,67.05000305175781,0.8709579706192017,-0.18671630322933197,0.9282801151275635,0.6739823222160339,0.26439741253852844
Slovakia,2012,5.911059379577637,10.188010215759277,0.9257514476776123,66.94000244140625,0.6200042963027954,-0.03215731680393219,0.9065321683883667,0.5848568081855774,0.3022608160972595
Slovakia,2013,5.936527252197266,10.193243026733398,0.9093785285949707,67.16000366210938,0.5979357957839966,-0.05498950555920601,0.9145399332046509,0.6120620369911194,0.276509553194046
Slovakia,2014,6.138873100280762,10.218887329101562,0.9242426753044128,67.37999725341797,0.6347917318344116,-0.12968756258487701,0.9138702154159546,0.6187864542007446,0.2667846083641052
Slovakia,2015,6.162004470825195,10.268317222595215,0.9434536695480347,67.5999984741211,0.587157666683197,-0.13215123116970062,0.9275451302528381,0.6321669220924377,0.2692464292049408
Slovakia,2016,5.993163108825684,10.28628158569336,0.9451791048049927,67.82499694824219,0.7000985145568848,-0.06481081247329712,0.9166091680526733,0.6882962584495544,0.23209157586097717
Slovakia,2017,6.365509033203125,10.313687324523926,0.9133866429328918,68.05000305175781,0.7142246961593628,-0.05862046033143997,0.9204226732254028,0.7093856334686279,0.21272248029708862
Slovakia,2018,6.235110759735107,10.351815223693848,0.9223787188529968,68.2750015258789,0.7576340436935425,-0.1716141253709793,0.9099446535110474,0.6697362661361694,0.2531900405883789
Slovakia,2019,6.243428707122803,10.375248908996582,0.9330883026123047,68.5,0.7711215615272522,-0.1333150416612625,0.9258466958999634,0.6761534214019775,0.2518063187599182
Slovakia,2020,6.519098281860352,10.340459823608398,0.9541599750518799,68.7249984741211,0.7618966102600098,-0.08142177760601044,0.9005336761474609,0.6945299506187439,0.27444788813591003
Slovakia,2021,6.418503761291504,10.390069961547852,0.9511638879776001,68.94999694824219,0.7415332198143005,0.04249461367726326,0.895546555519104,0.6915675401687622,0.24113132059574127
Slovenia,2012,6.062891006469727,10.392480850219727,0.9247537851333618,69.5199966430664,0.9043862819671631,-0.025270674377679825,0.8907541036605835,0.5984772443771362,0.2839898467063904
Slovenia,2013,5.974888801574707,10.380778312683105,0.9321197271347046,69.68000030517578,0.8900598287582397,0.030103182420134544,0.9178395867347717,0.6245654225349426,0.2742692828178406
Slovenia,2014,5.6783952713012695,10.407099723815918,0.9083475470542908,69.83999633789062,0.8877477049827576,0.0467338003218174,0.9091182947158813,0.5935014486312866,0.2908124029636383
Slovenia,2015,5.740642070770264,10.428208351135254,0.9011637568473816,70.0,0.8960072994232178,0.002204295713454485,0.8921979069709778,0.6444973945617676,0.26141873002052307
Slovenia,2016,5.936821460723877,10.458895683288574,0.9344873428344727,70.17500305175781,0.9035511016845703,-0.060392867773771286,0.8384743928909302,0.5971724390983582,0.2716241776943207
Slovenia,2017,6.166837692260742,10.505274772644043,0.9281878471374512,70.3499984741211,0.9208626747131348,-0.030686553567647934,0.8287947177886963,0.5823107957839966,0.2856014370918274
Slovenia,2018,6.249419212341309,10.545228958129883,0.9409711956977844,70.5250015258789,0.9420458674430847,-0.12483382225036621,0.8392525315284729,0.6011959910392761,0.2754848599433899
Slovenia,2019,6.665273666381836,10.57219409942627,0.9494022727012634,70.69999694824219,0.9454305171966553,-0.1083071380853653,0.7854418158531189,0.6216586232185364,0.2278384566307068
Slovenia,2020,6.462076187133789,10.521321296691895,0.9534375071525574,70.875,0.9584425687789917,-0.09042347967624664,0.7965574860572815,0.5749271512031555,0.3138525187969208
Slovenia,2021,6.761220932006836,10.597546577453613,0.9552525877952576,71.05000305175781,0.8510867357254028,0.02554425224661827,0.7541981935501099,0.6428232789039612,0.2610425055027008
Spain,2012,6.2906904220581055,10.484829902648926,0.9370233416557312,71.23999786376953,0.7545861005783081,-0.06524298340082169,0.8435930013656616,0.6443791389465332,0.3664744794368744
Spain,2013,6.150027275085449,10.473973274230957,0.9286404848098755,71.36000061035156,0.7593564391136169,-0.1072855144739151,0.9158225655555725,0.6627190709114075,0.37183937430381775
Spain,2014,6.456477642059326,10.490824699401855,0.9478644132614136,71.4800033569336,0.7384723424911499,-0.034010887145996094,0.8538879156112671,0.6826760768890381,0.33546000719070435
Spain,2015,6.3806633949279785,10.529267311096191,0.956471860408783,71.5999984741211,0.732000470161438,-0.07819856703281403,0.8216649293899536,0.7047021985054016,0.2846936881542206
Spain,2016,6.318612098693848,10.558347702026367,0.9417368173599243,71.7249984741211,0.7681737542152405,-0.0539635606110096,0.8185585737228394,0.6299335956573486,0.30082935094833374
Spain,2017,6.230173110961914,10.585325241088867,0.9031581878662109,71.8499984741211,0.7555607557296753,-0.038002219051122665,0.7912687659263611,0.6011785268783569,0.30238765478134155
Spain,2018,6.513370990753174,10.603533744812012,0.910314679145813,71.9749984741211,0.7222506999969482,-0.08087479323148727,0.7765044569969177,0.635578989982605,0.3571908473968506
Spain,2019,6.457449436187744,10.616002082824707,0.9490134716033936,72.0999984741211,0.7779667377471924,-0.054456647485494614,0.7303376197814941,0.6361995935440063,0.315518319606781
Spain,2020,6.502175331115723,10.490920066833496,0.934934675693512,72.2249984741211,0.7832565307617188,-0.12677346169948578,0.7299774885177612,0.6711310148239136,0.31661710143089294
Spain,2021,6.469611167907715,10.543588638305664,0.9264167547225952,72.3499984741211,0.7817949652671814,-0.07604547590017319,0.7293469905853271,0.6390746831893921,0.32398033142089844
Sweden,2012,7.560147762298584,10.78520393371582,0.929397463798523,71.27999877929688,0.9443821907043457,0.12695437669754028,0.25354310870170593,0.7955110669136047,0.17022612690925598
Sweden,2013,7.4340105056762695,10.788538932800293,0.9156480431556702,71.31999969482422,0.9359105229377747,0.15391124784946442,0.3244815468788147,0.7815104126930237,0.18442030251026154
Sweden,2014,7.239147663116455,10.804847717285156,0.9327198266983032,71.36000061035156,0.9452733993530273,0.19674015045166016,0.2503899931907654,0.7932690978050232,0.2076883167028427
Sweden,2015,7.288922309875488,10.838187217712402,0.9294599890708923,71.4000015258789,0.9350720643997192,0.2061920464038849,0.2319641411304474,0.7661976218223572,0.19099177420139313
Sweden,2016,7.368744373321533,10.84611701965332,0.9120606780052185,71.5250015258789,0.9180364012718201,0.14074784517288208,0.24618244171142578,0.7521624565124512,0.20060691237449646
Sweden,2017,7.286804676055908,10.85799789428711,0.9140167832374573,71.6500015258789,0.9345821142196655,0.16528408229351044,0.23936691880226135,0.7561716437339783,0.17506682872772217
Sweden,2018,7.374792098999023,10.865694046020508,0.9306795597076416,71.7750015258789,0.9417246580123901,0.07169558107852936,0.2627965807914734,0.74674391746521,0.16075542569160461
Sweden,2019,7.398092746734619,10.875224113464355,0.9336450695991516,71.9000015258789,0.9415152072906494,0.08542494475841522,0.2500879168510437,0.7745852470397949,0.2019997090101242
Sweden,2020,7.314341068267822,10.84605598449707,0.9355823397636414,72.0250015258789,0.9511815905570984,0.08417140692472458,0.20344014465808868,0.7171959280967712,0.2219332903623581
Sweden,2021,7.439280033111572,10.892507553100586,0.9318195581436157,72.1500015258789,0.953379213809967,0.17218750715255737,0.1914730966091156,0.7628944516181946,0.1900082528591156
